PacketID,Source,Destination,CreationTime,DeliveryTime,Latency,HopCount,Status,StatusReason
0,0,3,0,13,13,3,DELIVERED,OK
1,0,3,1,14,13,3,DELIVERED,OK
2,0,3,2,15,13,3,DELIVERED,OK
3,0,3,3,16,13,3,DELIVERED,OK
4,0,3,4,17,13,3,DELIVERED,OK
5,0,3,5,18,13,3,DELIVERED,OK
6,0,3,6,19,13,3,DELIVERED,OK
7,0,3,7,20,13,3,DELIVERED,OK
8,0,3,8,21,13,3,DELIVERED,OK
9,0,3,9,22,13,3,DELIVERED,OK
10,0,3,10,23,13,3,DELIVERED,OK
11,0,3,11,24,13,3,DELIVERED,OK
12,0,3,12,25,13,3,DELIVERED,OK
13,0,3,13,26,13,3,DELIVERED,OK
14,0,3,14,27,13,3,DELIVERED,OK
15,0,3,15,28,13,3,DELIVERED,OK
16,0,3,16,29,13,3,DELIVERED,OK
17,0,3,17,30,13,3,DELIVERED,OK
18,0,3,18,31,13,3,DELIVERED,OK
19,0,3,19,32,13,3,DELIVERED,OK
20,0,3,20,33,13,3,DELIVERED,OK
21,0,3,21,34,13,3,DELIVERED,OK
22,0,3,22,35,13,3,DELIVERED,OK
23,0,3,23,36,13,3,DELIVERED,OK
24,0,3,24,37,13,3,DELIVERED,OK
25,0,3,25,38,13,3,DELIVERED,OK
26,0,3,26,39,13,3,DELIVERED,OK
27,0,3,27,40,13,3,DELIVERED,OK
28,0,3,28,41,13,3,DELIVERED,OK
29,0,3,29,42,13,3,DELIVERED,OK
30,0,3,30,43,13,3,DELIVERED,OK
31,0,3,31,44,13,3,DELIVERED,OK
32,0,3,32,45,13,3,DELIVERED,OK
33,0,3,33,46,13,3,DELIVERED,OK
34,0,3,34,47,13,3,DELIVERED,OK
35,0,3,35,48,13,3,DELIVERED,OK
36,0,3,36,49,13,3,DELIVERED,OK
37,0,3,37,50,13,3,DELIVERED,OK
38,0,3,38,51,13,3,DELIVERED,OK
39,0,3,39,52,13,3,DELIVERED,OK
40,0,3,40,53,13,3,DELIVERED,OK
41,0,3,41,54,13,3,DELIVERED,OK
42,0,3,42,55,13,3,DELIVERED,OK
43,0,3,43,56,13,3,DELIVERED,OK
44,0,3,44,57,13,3,DELIVERED,OK
45,0,3,45,58,13,3,DELIVERED,OK
46,0,3,46,59,13,3,DELIVERED,OK
47,0,3,47,60,13,3,DELIVERED,OK
48,0,3,48,61,13,3,DELIVERED,OK
49,0,3,49,62,13,3,DELIVERED,OK
50,0,3,50,63,13,3,DELIVERED,OK
51,0,3,51,64,13,3,DELIVERED,OK
52,0,3,52,65,13,3,DELIVERED,OK
53,0,3,53,66,13,3,DELIVERED,OK
54,0,3,54,67,13,3,DELIVERED,OK
55,0,3,55,68,13,3,DELIVERED,OK
56,0,3,56,69,13,3,DELIVERED,OK
57,0,3,57,70,13,3,DELIVERED,OK
58,0,3,58,71,13,3,DELIVERED,OK
59,0,3,59,72,13,3,DELIVERED,OK
60,0,3,60,73,13,3,DELIVERED,OK
61,0,3,61,74,13,3,DELIVERED,OK
62,0,3,62,75,13,3,DELIVERED,OK
63,0,3,63,76,13,3,DELIVERED,OK
64,0,3,64,77,13,3,DELIVERED,OK
65,0,3,65,78,13,3,DELIVERED,OK
66,0,3,66,79,13,3,DELIVERED,OK
67,0,3,67,80,13,3,DELIVERED,OK
68,0,3,68,81,13,3,DELIVERED,OK
69,0,3,69,82,13,3,DELIVERED,OK
70,0,3,70,83,13,3,DELIVERED,OK
71,0,3,71,84,13,3,DELIVERED,OK
72,0,3,72,85,13,3,DELIVERED,OK
73,0,3,73,86,13,3,DELIVERED,OK
74,0,3,74,87,13,3,DELIVERED,OK
75,0,3,75,88,13,3,DELIVERED,OK
76,0,3,76,89,13,3,DELIVERED,OK
77,0,3,77,90,13,3,DELIVERED,OK
78,0,3,78,91,13,3,DELIVERED,OK
79,0,3,79,92,13,3,DELIVERED,OK
80,0,3,80,93,13,3,DELIVERED,OK
81,0,3,81,94,13,3,DELIVERED,OK
82,0,3,82,95,13,3,DELIVERED,OK
83,0,3,83,96,13,3,DELIVERED,OK
84,0,3,84,97,13,3,DELIVERED,OK
85,0,3,85,98,13,3,DELIVERED,OK
86,0,3,86,99,13,3,DELIVERED,OK
87,0,3,87,100,13,3,DELIVERED,OK
88,0,3,88,101,13,3,DELIVERED,OK
89,0,3,89,102,13,3,DELIVERED,OK
90,0,3,90,103,13,3,DELIVERED,OK
91,0,3,91,104,13,3,DELIVERED,OK
92,0,3,92,105,13,3,DELIVERED,OK
93,0,3,93,106,13,3,DELIVERED,OK
94,0,3,94,107,13,3,DELIVERED,OK
95,0,3,95,108,13,3,DELIVERED,OK
96,0,3,96,109,13,3,DELIVERED,OK
97,0,3,97,110,13,3,DELIVERED,OK
98,0,3,98,111,13,3,DELIVERED,OK
99,0,3,99,112,13,3,DELIVERED,OK
100,0,3,100,113,13,3,DELIVERED,OK
101,0,3,101,114,13,3,DELIVERED,OK
102,0,3,102,115,13,3,DELIVERED,OK
103,0,3,103,116,13,3,DELIVERED,OK
104,0,3,104,117,13,3,DELIVERED,OK
105,0,3,105,118,13,3,DELIVERED,OK
106,0,3,106,119,13,3,DELIVERED,OK
107,0,3,107,120,13,3,DELIVERED,OK
108,0,3,108,121,13,3,DELIVERED,OK
109,0,3,109,122,13,3,DELIVERED,OK
110,0,3,110,123,13,3,DELIVERED,OK
111,0,3,111,124,13,3,DELIVERED,OK
112,0,3,112,125,13,3,DELIVERED,OK
113,0,3,113,126,13,3,DELIVERED,OK
114,0,3,114,127,13,3,DELIVERED,OK
115,0,3,115,128,13,3,DELIVERED,OK
116,0,3,116,129,13,3,DELIVERED,OK
117,0,3,117,130,13,3,DELIVERED,OK
118,0,3,118,131,13,3,DELIVERED,OK
119,0,3,119,132,13,3,DELIVERED,OK
120,0,3,120,133,13,3,DELIVERED,OK
121,0,3,121,134,13,3,DELIVERED,OK
122,0,3,122,135,13,3,DELIVERED,OK
123,0,3,123,136,13,3,DELIVERED,OK
124,0,3,124,137,13,3,DELIVERED,OK
125,0,3,125,138,13,3,DELIVERED,OK
126,0,3,126,139,13,3,DELIVERED,OK
127,0,3,127,140,13,3,DELIVERED,OK
128,0,3,128,141,13,3,DELIVERED,OK
129,0,3,129,142,13,3,DELIVERED,OK
130,0,3,130,143,13,3,DELIVERED,OK
131,0,3,131,144,13,3,DELIVERED,OK
132,0,3,132,145,13,3,DELIVERED,OK
133,0,3,133,146,13,3,DELIVERED,OK
134,0,3,134,147,13,3,DELIVERED,OK
135,0,3,135,148,13,3,DELIVERED,OK
136,0,3,136,149,13,3,DELIVERED,OK
137,0,3,137,150,13,3,DELIVERED,OK
138,0,3,138,151,13,3,DELIVERED,OK
139,0,3,139,152,13,3,DELIVERED,OK
140,0,3,140,153,13,3,DELIVERED,OK
141,0,3,141,154,13,3,DELIVERED,OK
142,0,3,142,155,13,3,DELIVERED,OK
143,0,3,143,156,13,3,DELIVERED,OK
144,0,3,144,157,13,3,DELIVERED,OK
145,0,3,145,158,13,3,DELIVERED,OK
146,0,3,146,159,13,3,DELIVERED,OK
147,0,3,147,160,13,3,DELIVERED,OK
148,0,3,148,161,13,3,DELIVERED,OK
149,0,3,149,162,13,3,DELIVERED,OK
150,0,3,150,163,13,3,DELIVERED,OK
151,0,3,151,164,13,3,DELIVERED,OK
152,0,3,152,165,13,3,DELIVERED,OK
153,0,3,153,166,13,3,DELIVERED,OK
154,0,3,154,167,13,3,DELIVERED,OK
155,0,3,155,168,13,3,DELIVERED,OK
156,0,3,156,169,13,3,DELIVERED,OK
157,0,3,157,170,13,3,DELIVERED,OK
158,0,3,158,171,13,3,DELIVERED,OK
159,0,3,159,172,13,3,DELIVERED,OK
160,0,3,160,173,13,3,DELIVERED,OK
161,0,3,161,174,13,3,DELIVERED,OK
162,0,3,162,175,13,3,DELIVERED,OK
163,0,3,163,176,13,3,DELIVERED,OK
164,0,3,164,177,13,3,DELIVERED,OK
165,0,3,165,178,13,3,DELIVERED,OK
166,0,3,166,179,13,3,DELIVERED,OK
167,0,3,167,180,13,3,DELIVERED,OK
168,0,3,168,181,13,3,DELIVERED,OK
169,0,3,169,182,13,3,DELIVERED,OK
170,0,3,170,183,13,3,DELIVERED,OK
171,0,3,171,184,13,3,DELIVERED,OK
172,0,3,172,185,13,3,DELIVERED,OK
173,0,3,173,186,13,3,DELIVERED,OK
174,0,3,174,187,13,3,DELIVERED,OK
175,0,3,175,188,13,3,DELIVERED,OK
176,0,3,176,189,13,3,DELIVERED,OK
177,0,3,177,190,13,3,DELIVERED,OK
178,0,3,178,191,13,3,DELIVERED,OK
179,0,3,179,192,13,3,DELIVERED,OK
180,0,3,180,193,13,3,DELIVERED,OK
181,0,3,181,194,13,3,DELIVERED,OK
182,0,3,182,195,13,3,DELIVERED,OK
183,0,3,183,196,13,3,DELIVERED,OK
184,0,3,184,197,13,3,DELIVERED,OK
185,0,3,185,198,13,3,DELIVERED,OK
186,0,3,186,199,13,3,DELIVERED,OK
187,0,3,187,200,13,3,DELIVERED,OK
188,0,3,188,201,13,3,DELIVERED,OK
189,0,3,189,202,13,3,DELIVERED,OK
190,0,3,190,203,13,3,DELIVERED,OK
191,0,3,191,204,13,3,DELIVERED,OK
192,0,3,192,205,13,3,DELIVERED,OK
193,0,3,193,206,13,3,DELIVERED,OK
194,0,3,194,207,13,3,DELIVERED,OK
195,0,3,195,208,13,3,DELIVERED,OK
196,0,3,196,209,13,3,DELIVERED,OK
197,0,3,197,210,13,3,DELIVERED,OK
198,0,3,198,211,13,3,DELIVERED,OK
199,0,3,199,212,13,3,DELIVERED,OK
200,0,3,200,213,13,3,DELIVERED,OK
201,0,3,201,214,13,3,DELIVERED,OK
202,0,3,202,215,13,3,DELIVERED,OK
203,0,3,203,216,13,3,DELIVERED,OK
204,0,3,204,217,13,3,DELIVERED,OK
205,0,3,205,218,13,3,DELIVERED,OK
206,0,3,206,219,13,3,DELIVERED,OK
207,0,3,207,220,13,3,DELIVERED,OK
208,0,3,208,221,13,3,DELIVERED,OK
209,0,3,209,222,13,3,DELIVERED,OK
210,0,3,210,223,13,3,DELIVERED,OK
211,0,3,211,224,13,3,DELIVERED,OK
212,0,3,212,225,13,3,DELIVERED,OK
213,0,3,213,226,13,3,DELIVERED,OK
214,0,3,214,227,13,3,DELIVERED,OK
215,0,3,215,228,13,3,DELIVERED,OK
216,0,3,216,229,13,3,DELIVERED,OK
217,0,3,217,230,13,3,DELIVERED,OK
218,0,3,218,231,13,3,DELIVERED,OK
219,0,3,219,232,13,3,DELIVERED,OK
220,0,3,220,233,13,3,DELIVERED,OK
221,0,3,221,234,13,3,DELIVERED,OK
222,0,3,222,235,13,3,DELIVERED,OK
223,0,3,223,236,13,3,DELIVERED,OK
224,0,3,224,237,13,3,DELIVERED,OK
225,0,3,225,238,13,3,DELIVERED,OK
226,0,3,226,239,13,3,DELIVERED,OK
227,0,3,227,240,13,3,DELIVERED,OK
228,0,3,228,241,13,3,DELIVERED,OK
229,0,3,229,242,13,3,DELIVERED,OK
230,0,3,230,243,13,3,DELIVERED,OK
231,0,3,231,244,13,3,DELIVERED,OK
232,0,3,232,245,13,3,DELIVERED,OK
233,0,3,233,246,13,3,DELIVERED,OK
234,0,3,234,247,13,3,DELIVERED,OK
235,0,3,235,248,13,3,DELIVERED,OK
236,0,3,236,249,13,3,DELIVERED,OK
237,0,3,237,250,13,3,DELIVERED,OK
238,0,3,238,251,13,3,DELIVERED,OK
239,0,3,239,252,13,3,DELIVERED,OK
240,0,3,240,253,13,3,DELIVERED,OK
241,0,3,241,254,13,3,DELIVERED,OK
242,0,3,242,255,13,3,DELIVERED,OK
243,0,3,243,256,13,3,DELIVERED,OK
244,0,3,244,257,13,3,DELIVERED,OK
245,0,3,245,258,13,3,DELIVERED,OK
246,0,3,246,259,13,3,DELIVERED,OK
247,0,3,247,260,13,3,DELIVERED,OK
248,0,3,248,261,13,3,DELIVERED,OK
249,0,3,249,262,13,3,DELIVERED,OK
250,0,3,250,263,13,3,DELIVERED,OK
251,0,3,251,264,13,3,DELIVERED,OK
252,0,3,252,265,13,3,DELIVERED,OK
253,0,3,253,266,13,3,DELIVERED,OK
254,0,3,254,267,13,3,DELIVERED,OK
255,0,3,255,268,13,3,DELIVERED,OK
256,0,3,256,269,13,3,DELIVERED,OK
257,0,3,257,270,13,3,DELIVERED,OK
258,0,3,258,271,13,3,DELIVERED,OK
259,0,3,259,272,13,3,DELIVERED,OK
260,0,3,260,273,13,3,DELIVERED,OK
261,0,3,261,274,13,3,DELIVERED,OK
262,0,3,262,275,13,3,DELIVERED,OK
263,0,3,263,276,13,3,DELIVERED,OK
264,0,3,264,277,13,3,DELIVERED,OK
265,0,3,265,278,13,3,DELIVERED,OK
266,0,3,266,279,13,3,DELIVERED,OK
267,0,3,267,280,13,3,DELIVERED,OK
268,0,3,268,281,13,3,DELIVERED,OK
269,0,3,269,282,13,3,DELIVERED,OK
270,0,3,270,283,13,3,DELIVERED,OK
271,0,3,271,284,13,3,DELIVERED,OK
272,0,3,272,285,13,3,DELIVERED,OK
273,0,3,273,286,13,3,DELIVERED,OK
274,0,3,274,287,13,3,DELIVERED,OK
275,0,3,275,288,13,3,DELIVERED,OK
276,0,3,276,289,13,3,DELIVERED,OK
277,0,3,277,290,13,3,DELIVERED,OK
278,0,3,278,291,13,3,DELIVERED,OK
279,0,3,279,292,13,3,DELIVERED,OK
280,0,3,280,293,13,3,DELIVERED,OK
281,0,3,281,294,13,3,DELIVERED,OK
282,0,3,282,295,13,3,DELIVERED,OK
283,0,3,283,296,13,3,DELIVERED,OK
284,0,3,284,297,13,3,DELIVERED,OK
285,0,3,285,298,13,3,DELIVERED,OK
286,0,3,286,299,13,3,DELIVERED,OK
287,0,3,287,300,13,3,DELIVERED,OK
288,0,3,288,301,13,3,DELIVERED,OK
289,0,3,289,302,13,3,DELIVERED,OK
290,0,3,290,303,13,3,DELIVERED,OK
291,0,3,291,304,13,3,DELIVERED,OK
292,0,3,292,305,13,3,DELIVERED,OK
293,0,3,293,306,13,3,DELIVERED,OK
294,0,3,294,307,13,3,DELIVERED,OK
295,0,3,295,308,13,3,DELIVERED,OK
296,0,3,296,309,13,3,DELIVERED,OK
297,0,3,297,310,13,3,DELIVERED,OK
298,0,3,298,311,13,3,DELIVERED,OK
299,0,3,299,312,13,3,DELIVERED,OK
300,0,3,300,313,13,3,DELIVERED,OK
301,0,3,301,314,13,3,DELIVERED,OK
302,0,3,302,315,13,3,DELIVERED,OK
303,0,3,303,316,13,3,DELIVERED,OK
304,0,3,304,317,13,3,DELIVERED,OK
305,0,3,305,318,13,3,DELIVERED,OK
306,0,3,306,319,13,3,DELIVERED,OK
307,0,3,307,320,13,3,DELIVERED,OK
308,0,3,308,321,13,3,DELIVERED,OK
309,0,3,309,322,13,3,DELIVERED,OK
310,0,3,310,323,13,3,DELIVERED,OK
311,0,3,311,324,13,3,DELIVERED,OK
312,0,3,312,325,13,3,DELIVERED,OK
313,0,3,313,326,13,3,DELIVERED,OK
314,0,3,314,327,13,3,DELIVERED,OK
315,0,3,315,328,13,3,DELIVERED,OK
316,0,3,316,329,13,3,DELIVERED,OK
317,0,3,317,330,13,3,DELIVERED,OK
318,0,3,318,331,13,3,DELIVERED,OK
319,0,3,319,332,13,3,DELIVERED,OK
320,0,3,320,333,13,3,DELIVERED,OK
321,0,3,321,334,13,3,DELIVERED,OK
322,0,3,322,335,13,3,DELIVERED,OK
323,0,3,323,336,13,3,DELIVERED,OK
324,0,3,324,337,13,3,DELIVERED,OK
325,0,3,325,338,13,3,DELIVERED,OK
326,0,3,326,339,13,3,DELIVERED,OK
327,0,3,327,340,13,3,DELIVERED,OK
328,0,3,328,341,13,3,DELIVERED,OK
329,0,3,329,342,13,3,DELIVERED,OK
330,0,3,330,343,13,3,DELIVERED,OK
331,0,3,331,344,13,3,DELIVERED,OK
332,0,3,332,345,13,3,DELIVERED,OK
333,0,3,333,346,13,3,DELIVERED,OK
334,0,3,334,347,13,3,DELIVERED,OK
335,0,3,335,348,13,3,DELIVERED,OK
336,0,3,336,349,13,3,DELIVERED,OK
337,0,3,337,350,13,3,DELIVERED,OK
338,0,3,338,351,13,3,DELIVERED,OK
339,0,3,339,352,13,3,DELIVERED,OK
340,0,3,340,353,13,3,DELIVERED,OK
341,0,3,341,354,13,3,DELIVERED,OK
342,0,3,342,355,13,3,DELIVERED,OK
343,0,3,343,356,13,3,DELIVERED,OK
344,0,3,344,357,13,3,DELIVERED,OK
345,0,3,345,358,13,3,DELIVERED,OK
346,0,3,346,359,13,3,DELIVERED,OK
347,0,3,347,360,13,3,DELIVERED,OK
348,0,3,348,361,13,3,DELIVERED,OK
349,0,3,349,362,13,3,DELIVERED,OK
350,0,3,350,363,13,3,DELIVERED,OK
351,0,3,351,364,13,3,DELIVERED,OK
352,0,3,352,365,13,3,DELIVERED,OK
353,0,3,353,366,13,3,DELIVERED,OK
354,0,3,354,367,13,3,DELIVERED,OK
355,0,3,355,368,13,3,DELIVERED,OK
356,0,3,356,369,13,3,DELIVERED,OK
357,0,3,357,370,13,3,DELIVERED,OK
358,0,3,358,371,13,3,DELIVERED,OK
359,0,3,359,372,13,3,DELIVERED,OK
360,0,3,360,373,13,3,DELIVERED,OK
361,0,3,361,374,13,3,DELIVERED,OK
362,0,3,362,375,13,3,DELIVERED,OK
363,0,3,363,376,13,3,DELIVERED,OK
364,0,3,364,377,13,3,DELIVERED,OK
365,0,3,365,378,13,3,DELIVERED,OK
366,0,3,366,379,13,3,DELIVERED,OK
367,0,3,367,380,13,3,DELIVERED,OK
368,0,3,368,381,13,3,DELIVERED,OK
369,0,3,369,382,13,3,DELIVERED,OK
370,0,3,370,383,13,3,DELIVERED,OK
371,0,3,371,384,13,3,DELIVERED,OK
372,0,3,372,385,13,3,DELIVERED,OK
373,0,3,373,386,13,3,DELIVERED,OK
374,0,3,374,387,13,3,DELIVERED,OK
375,0,3,375,388,13,3,DELIVERED,OK
376,0,3,376,389,13,3,DELIVERED,OK
377,0,3,377,390,13,3,DELIVERED,OK
378,0,3,378,391,13,3,DELIVERED,OK
379,0,3,379,392,13,3,DELIVERED,OK
380,0,3,380,393,13,3,DELIVERED,OK
381,0,3,381,394,13,3,DELIVERED,OK
382,0,3,382,395,13,3,DELIVERED,OK
383,0,3,383,396,13,3,DELIVERED,OK
384,0,3,384,397,13,3,DELIVERED,OK
385,0,3,385,398,13,3,DELIVERED,OK
386,0,3,386,399,13,3,DELIVERED,OK
387,0,3,387,400,13,3,DELIVERED,OK
388,0,3,388,401,13,3,DELIVERED,OK
389,0,3,389,402,13,3,DELIVERED,OK
390,0,3,390,403,13,3,DELIVERED,OK
391,0,3,391,404,13,3,DELIVERED,OK
392,0,3,392,405,13,3,DELIVERED,OK
393,0,3,393,406,13,3,DELIVERED,OK
394,0,3,394,407,13,3,DELIVERED,OK
395,0,3,395,408,13,3,DELIVERED,OK
396,0,3,396,409,13,3,DELIVERED,OK
397,0,3,397,410,13,3,DELIVERED,OK
398,0,3,398,411,13,3,DELIVERED,OK
399,0,3,399,412,13,3,DELIVERED,OK
400,0,3,400,413,13,3,DELIVERED,OK
401,0,3,401,414,13,3,DELIVERED,OK
402,0,3,402,415,13,3,DELIVERED,OK
403,0,3,403,416,13,3,DELIVERED,OK
404,0,3,404,417,13,3,DELIVERED,OK
405,0,3,405,418,13,3,DELIVERED,OK
406,0,3,406,419,13,3,DELIVERED,OK
407,0,3,407,420,13,3,DELIVERED,OK
408,0,3,408,421,13,3,DELIVERED,OK
409,0,3,409,422,13,3,DELIVERED,OK
410,0,3,410,423,13,3,DELIVERED,OK
411,0,3,411,424,13,3,DELIVERED,OK
412,0,3,412,425,13,3,DELIVERED,OK
413,0,3,413,426,13,3,DELIVERED,OK
414,0,3,414,427,13,3,DELIVERED,OK
415,0,3,415,428,13,3,DELIVERED,OK
416,0,3,416,429,13,3,DELIVERED,OK
417,0,3,417,430,13,3,DELIVERED,OK
418,0,3,418,431,13,3,DELIVERED,OK
419,0,3,419,432,13,3,DELIVERED,OK
420,0,3,420,433,13,3,DELIVERED,OK
421,0,3,421,434,13,3,DELIVERED,OK
422,0,3,422,435,13,3,DELIVERED,OK
423,0,3,423,436,13,3,DELIVERED,OK
424,0,3,424,437,13,3,DELIVERED,OK
425,0,3,425,438,13,3,DELIVERED,OK
426,0,3,426,439,13,3,DELIVERED,OK
427,0,3,427,440,13,3,DELIVERED,OK
428,0,3,428,441,13,3,DELIVERED,OK
429,0,3,429,442,13,3,DELIVERED,OK
430,0,3,430,443,13,3,DELIVERED,OK
431,0,3,431,444,13,3,DELIVERED,OK
432,0,3,432,445,13,3,DELIVERED,OK
433,0,3,433,446,13,3,DELIVERED,OK
434,0,3,434,447,13,3,DELIVERED,OK
435,0,3,435,448,13,3,DELIVERED,OK
436,0,3,436,449,13,3,DELIVERED,OK
437,0,3,437,450,13,3,DELIVERED,OK
438,0,3,438,451,13,3,DELIVERED,OK
439,0,3,439,452,13,3,DELIVERED,OK
440,0,3,440,453,13,3,DELIVERED,OK
441,0,3,441,454,13,3,DELIVERED,OK
442,0,3,442,455,13,3,DELIVERED,OK
443,0,3,443,456,13,3,DELIVERED,OK
444,0,3,444,457,13,3,DELIVERED,OK
445,0,3,445,458,13,3,DELIVERED,OK
446,0,3,446,459,13,3,DELIVERED,OK
447,0,3,447,460,13,3,DELIVERED,OK
448,0,3,448,461,13,3,DELIVERED,OK
449,0,3,449,462,13,3,DELIVERED,OK
450,0,3,450,463,13,3,DELIVERED,OK
451,0,3,451,464,13,3,DELIVERED,OK
452,0,3,452,465,13,3,DELIVERED,OK
453,0,3,453,466,13,3,DELIVERED,OK
454,0,3,454,467,13,3,DELIVERED,OK
455,0,3,455,468,13,3,DELIVERED,OK
456,0,3,456,469,13,3,DELIVERED,OK
457,0,3,457,470,13,3,DELIVERED,OK
458,0,3,458,471,13,3,DELIVERED,OK
459,0,3,459,472,13,3,DELIVERED,OK
460,0,3,460,473,13,3,DELIVERED,OK
461,0,3,461,474,13,3,DELIVERED,OK
462,0,3,462,475,13,3,DELIVERED,OK
463,0,3,463,476,13,3,DELIVERED,OK
464,0,3,464,477,13,3,DELIVERED,OK
465,0,3,465,478,13,3,DELIVERED,OK
466,0,3,466,479,13,3,DELIVERED,OK
467,0,3,467,480,13,3,DELIVERED,OK
468,0,3,468,481,13,3,DELIVERED,OK
469,0,3,469,482,13,3,DELIVERED,OK
470,0,3,470,483,13,3,DELIVERED,OK
471,0,3,471,484,13,3,DELIVERED,OK
472,0,3,472,485,13,3,DELIVERED,OK
473,0,3,473,486,13,3,DELIVERED,OK
474,0,3,474,487,13,3,DELIVERED,OK
475,0,3,475,488,13,3,DELIVERED,OK
476,0,3,476,489,13,3,DELIVERED,OK
477,0,3,477,490,13,3,DELIVERED,OK
478,0,3,478,491,13,3,DELIVERED,OK
479,0,3,479,492,13,3,DELIVERED,OK
480,0,3,480,493,13,3,DELIVERED,OK
481,0,3,481,494,13,3,DELIVERED,OK
482,0,3,482,495,13,3,DELIVERED,OK
483,0,3,483,496,13,3,DELIVERED,OK
484,0,3,484,497,13,3,DELIVERED,OK
485,0,3,485,498,13,3,DELIVERED,OK
486,0,3,486,499,13,3,DELIVERED,OK
487,0,3,487,500,13,3,DELIVERED,OK
488,0,3,488,501,13,3,DELIVERED,OK
489,0,3,489,502,13,3,DELIVERED,OK
490,0,3,490,503,13,3,DELIVERED,OK
491,0,3,491,504,13,3,DELIVERED,OK
492,0,3,492,505,13,3,DELIVERED,OK
493,0,3,493,506,13,3,DELIVERED,OK
494,0,3,494,507,13,3,DELIVERED,OK
495,0,3,495,508,13,3,DELIVERED,OK
496,0,3,496,509,13,3,DELIVERED,OK
497,0,3,497,510,13,3,DELIVERED,OK
498,0,3,498,511,13,3,DELIVERED,OK
499,0,3,499,512,13,3,DELIVERED,OK
500,0,3,500,513,13,3,DELIVERED,OK
501,0,3,501,514,13,3,DELIVERED,OK
502,0,3,502,515,13,3,DELIVERED,OK
503,0,3,503,516,13,3,DELIVERED,OK
504,0,3,504,517,13,3,DELIVERED,OK
505,0,3,505,518,13,3,DELIVERED,OK
506,0,3,506,519,13,3,DELIVERED,OK
507,0,3,507,520,13,3,DELIVERED,OK
508,0,3,508,521,13,3,DELIVERED,OK
509,0,3,509,522,13,3,DELIVERED,OK
510,0,3,510,523,13,3,DELIVERED,OK
511,0,3,511,524,13,3,DELIVERED,OK
512,0,3,512,525,13,3,DELIVERED,OK
513,0,3,513,526,13,3,DELIVERED,OK
514,0,3,514,527,13,3,DELIVERED,OK
515,0,3,515,528,13,3,DELIVERED,OK
516,0,3,516,529,13,3,DELIVERED,OK
517,0,3,517,530,13,3,DELIVERED,OK
518,0,3,518,531,13,3,DELIVERED,OK
519,0,3,519,532,13,3,DELIVERED,OK
520,0,3,520,533,13,3,DELIVERED,OK
521,0,3,521,534,13,3,DELIVERED,OK
522,0,3,522,535,13,3,DELIVERED,OK
523,0,3,523,536,13,3,DELIVERED,OK
524,0,3,524,537,13,3,DELIVERED,OK
525,0,3,525,538,13,3,DELIVERED,OK
526,0,3,526,539,13,3,DELIVERED,OK
527,0,3,527,540,13,3,DELIVERED,OK
528,0,3,528,541,13,3,DELIVERED,OK
529,0,3,529,542,13,3,DELIVERED,OK
530,0,3,530,543,13,3,DELIVERED,OK
531,0,3,531,544,13,3,DELIVERED,OK
532,0,3,532,545,13,3,DELIVERED,OK
533,0,3,533,546,13,3,DELIVERED,OK
534,0,3,534,547,13,3,DELIVERED,OK
535,0,3,535,548,13,3,DELIVERED,OK
536,0,3,536,549,13,3,DELIVERED,OK
537,0,3,537,550,13,3,DELIVERED,OK
538,0,3,538,551,13,3,DELIVERED,OK
539,0,3,539,552,13,3,DELIVERED,OK
540,0,3,540,553,13,3,DELIVERED,OK
541,0,3,541,554,13,3,DELIVERED,OK
542,0,3,542,555,13,3,DELIVERED,OK
543,0,3,543,556,13,3,DELIVERED,OK
544,0,3,544,557,13,3,DELIVERED,OK
545,0,3,545,558,13,3,DELIVERED,OK
546,0,3,546,559,13,3,DELIVERED,OK
547,0,3,547,560,13,3,DELIVERED,OK
548,0,3,548,561,13,3,DELIVERED,OK
549,0,3,549,562,13,3,DELIVERED,OK
550,0,3,550,563,13,3,DELIVERED,OK
551,0,3,551,564,13,3,DELIVERED,OK
552,0,3,552,565,13,3,DELIVERED,OK
553,0,3,553,566,13,3,DELIVERED,OK
554,0,3,554,567,13,3,DELIVERED,OK
555,0,3,555,568,13,3,DELIVERED,OK
556,0,3,556,569,13,3,DELIVERED,OK
557,0,3,557,570,13,3,DELIVERED,OK
558,0,3,558,571,13,3,DELIVERED,OK
559,0,3,559,572,13,3,DELIVERED,OK
560,0,3,560,573,13,3,DELIVERED,OK
561,0,3,561,574,13,3,DELIVERED,OK
562,0,3,562,575,13,3,DELIVERED,OK
563,0,3,563,576,13,3,DELIVERED,OK
564,0,3,564,577,13,3,DELIVERED,OK
565,0,3,565,578,13,3,DELIVERED,OK
566,0,3,566,579,13,3,DELIVERED,OK
567,0,3,567,580,13,3,DELIVERED,OK
568,0,3,568,581,13,3,DELIVERED,OK
569,0,3,569,582,13,3,DELIVERED,OK
570,0,3,570,583,13,3,DELIVERED,OK
571,0,3,571,584,13,3,DELIVERED,OK
572,0,3,572,585,13,3,DELIVERED,OK
573,0,3,573,586,13,3,DELIVERED,OK
574,0,3,574,587,13,3,DELIVERED,OK
575,0,3,575,588,13,3,DELIVERED,OK
576,0,3,576,589,13,3,DELIVERED,OK
577,0,3,577,590,13,3,DELIVERED,OK
578,0,3,578,591,13,3,DELIVERED,OK
579,0,3,579,592,13,3,DELIVERED,OK
580,0,3,580,593,13,3,DELIVERED,OK
581,0,3,581,594,13,3,DELIVERED,OK
582,0,3,582,595,13,3,DELIVERED,OK
583,0,3,583,596,13,3,DELIVERED,OK
584,0,3,584,597,13,3,DELIVERED,OK
585,0,3,585,598,13,3,DELIVERED,OK
586,0,3,586,599,13,3,DELIVERED,OK
587,0,3,587,600,13,3,DELIVERED,OK
588,0,3,588,601,13,3,DELIVERED,OK
589,0,3,589,602,13,3,DELIVERED,OK
590,0,3,590,603,13,3,DELIVERED,OK
591,0,3,591,604,13,3,DELIVERED,OK
592,0,3,592,605,13,3,DELIVERED,OK
593,0,3,593,606,13,3,DELIVERED,OK
594,0,3,594,607,13,3,DELIVERED,OK
595,0,3,595,608,13,3,DELIVERED,OK
596,0,3,596,609,13,3,DELIVERED,OK
597,0,3,597,610,13,3,DELIVERED,OK
598,0,3,598,611,13,3,DELIVERED,OK
599,0,3,599,612,13,3,DELIVERED,OK
600,0,3,600,613,13,3,DELIVERED,OK
601,0,3,601,614,13,3,DELIVERED,OK
602,0,3,602,615,13,3,DELIVERED,OK
603,0,3,603,616,13,3,DELIVERED,OK
604,0,3,604,617,13,3,DELIVERED,OK
605,0,3,605,618,13,3,DELIVERED,OK
606,0,3,606,619,13,3,DELIVERED,OK
607,0,3,607,620,13,3,DELIVERED,OK
608,0,3,608,621,13,3,DELIVERED,OK
609,0,3,609,622,13,3,DELIVERED,OK
610,0,3,610,623,13,3,DELIVERED,OK
611,0,3,611,624,13,3,DELIVERED,OK
612,0,3,612,625,13,3,DELIVERED,OK
613,0,3,613,626,13,3,DELIVERED,OK
614,0,3,614,627,13,3,DELIVERED,OK
615,0,3,615,628,13,3,DELIVERED,OK
616,0,3,616,629,13,3,DELIVERED,OK
617,0,3,617,630,13,3,DELIVERED,OK
618,0,3,618,631,13,3,DELIVERED,OK
619,0,3,619,632,13,3,DELIVERED,OK
620,0,3,620,633,13,3,DELIVERED,OK
621,0,3,621,634,13,3,DELIVERED,OK
622,0,3,622,635,13,3,DELIVERED,OK
623,0,3,623,636,13,3,DELIVERED,OK
624,0,3,624,637,13,3,DELIVERED,OK
625,0,3,625,638,13,3,DELIVERED,OK
626,0,3,626,639,13,3,DELIVERED,OK
627,0,3,627,640,13,3,DELIVERED,OK
628,0,3,628,641,13,3,DELIVERED,OK
629,0,3,629,642,13,3,DELIVERED,OK
630,0,3,630,643,13,3,DELIVERED,OK
631,0,3,631,644,13,3,DELIVERED,OK
632,0,3,632,645,13,3,DELIVERED,OK
633,0,3,633,646,13,3,DELIVERED,OK
634,0,3,634,647,13,3,DELIVERED,OK
635,0,3,635,648,13,3,DELIVERED,OK
636,0,3,636,649,13,3,DELIVERED,OK
637,0,3,637,650,13,3,DELIVERED,OK
638,0,3,638,651,13,3,DELIVERED,OK
639,0,3,639,652,13,3,DELIVERED,OK
640,0,3,640,653,13,3,DELIVERED,OK
641,0,3,641,654,13,3,DELIVERED,OK
642,0,3,642,655,13,3,DELIVERED,OK
643,0,3,643,656,13,3,DELIVERED,OK
644,0,3,644,657,13,3,DELIVERED,OK
645,0,3,645,658,13,3,DELIVERED,OK
646,0,3,646,659,13,3,DELIVERED,OK
647,0,3,647,660,13,3,DELIVERED,OK
648,0,3,648,661,13,3,DELIVERED,OK
649,0,3,649,662,13,3,DELIVERED,OK
650,0,3,650,663,13,3,DELIVERED,OK
651,0,3,651,664,13,3,DELIVERED,OK
652,0,3,652,665,13,3,DELIVERED,OK
653,0,3,653,666,13,3,DELIVERED,OK
654,0,3,654,667,13,3,DELIVERED,OK
655,0,3,655,668,13,3,DELIVERED,OK
656,0,3,656,669,13,3,DELIVERED,OK
657,0,3,657,670,13,3,DELIVERED,OK
658,0,3,658,671,13,3,DELIVERED,OK
659,0,3,659,672,13,3,DELIVERED,OK
660,0,3,660,673,13,3,DELIVERED,OK
661,0,3,661,674,13,3,DELIVERED,OK
662,0,3,662,675,13,3,DELIVERED,OK
663,0,3,663,676,13,3,DELIVERED,OK
664,0,3,664,677,13,3,DELIVERED,OK
665,0,3,665,678,13,3,DELIVERED,OK
666,0,3,666,679,13,3,DELIVERED,OK
667,0,3,667,680,13,3,DELIVERED,OK
668,0,3,668,681,13,3,DELIVERED,OK
669,0,3,669,682,13,3,DELIVERED,OK
670,0,3,670,683,13,3,DELIVERED,OK
671,0,3,671,684,13,3,DELIVERED,OK
672,0,3,672,685,13,3,DELIVERED,OK
673,0,3,673,686,13,3,DELIVERED,OK
674,0,3,674,687,13,3,DELIVERED,OK
675,0,3,675,688,13,3,DELIVERED,OK
676,0,3,676,689,13,3,DELIVERED,OK
677,0,3,677,690,13,3,DELIVERED,OK
678,0,3,678,691,13,3,DELIVERED,OK
679,0,3,679,692,13,3,DELIVERED,OK
680,0,3,680,693,13,3,DELIVERED,OK
681,0,3,681,694,13,3,DELIVERED,OK
682,0,3,682,695,13,3,DELIVERED,OK
683,0,3,683,696,13,3,DELIVERED,OK
684,0,3,684,697,13,3,DELIVERED,OK
685,0,3,685,698,13,3,DELIVERED,OK
686,0,3,686,699,13,3,DELIVERED,OK
687,0,3,687,700,13,3,DELIVERED,OK
688,0,3,688,701,13,3,DELIVERED,OK
689,0,3,689,702,13,3,DELIVERED,OK
690,0,3,690,703,13,3,DELIVERED,OK
691,0,3,691,704,13,3,DELIVERED,OK
692,0,3,692,705,13,3,DELIVERED,OK
693,0,3,693,706,13,3,DELIVERED,OK
694,0,3,694,707,13,3,DELIVERED,OK
695,0,3,695,708,13,3,DELIVERED,OK
696,0,3,696,709,13,3,DELIVERED,OK
697,0,3,697,710,13,3,DELIVERED,OK
698,0,3,698,711,13,3,DELIVERED,OK
699,0,3,699,712,13,3,DELIVERED,OK
700,0,3,700,713,13,3,DELIVERED,OK
701,0,3,701,714,13,3,DELIVERED,OK
702,0,3,702,715,13,3,DELIVERED,OK
703,0,3,703,716,13,3,DELIVERED,OK
704,0,3,704,717,13,3,DELIVERED,OK
705,0,3,705,718,13,3,DELIVERED,OK
706,0,3,706,719,13,3,DELIVERED,OK
707,0,3,707,720,13,3,DELIVERED,OK
708,0,3,708,721,13,3,DELIVERED,OK
709,0,3,709,722,13,3,DELIVERED,OK
710,0,3,710,723,13,3,DELIVERED,OK
711,0,3,711,724,13,3,DELIVERED,OK
712,0,3,712,725,13,3,DELIVERED,OK
713,0,3,713,726,13,3,DELIVERED,OK
714,0,3,714,727,13,3,DELIVERED,OK
715,0,3,715,728,13,3,DELIVERED,OK
716,0,3,716,729,13,3,DELIVERED,OK
717,0,3,717,730,13,3,DELIVERED,OK
718,0,3,718,731,13,3,DELIVERED,OK
719,0,3,719,732,13,3,DELIVERED,OK
720,0,3,720,733,13,3,DELIVERED,OK
721,0,3,721,734,13,3,DELIVERED,OK
722,0,3,722,735,13,3,DELIVERED,OK
723,0,3,723,736,13,3,DELIVERED,OK
724,0,3,724,737,13,3,DELIVERED,OK
725,0,3,725,738,13,3,DELIVERED,OK
726,0,3,726,739,13,3,DELIVERED,OK
727,0,3,727,740,13,3,DELIVERED,OK
728,0,3,728,741,13,3,DELIVERED,OK
729,0,3,729,742,13,3,DELIVERED,OK
730,0,3,730,743,13,3,DELIVERED,OK
731,0,3,731,744,13,3,DELIVERED,OK
732,0,3,732,745,13,3,DELIVERED,OK
733,0,3,733,746,13,3,DELIVERED,OK
734,0,3,734,747,13,3,DELIVERED,OK
735,0,3,735,748,13,3,DELIVERED,OK
736,0,3,736,749,13,3,DELIVERED,OK
737,0,3,737,750,13,3,DELIVERED,OK
738,0,3,738,751,13,3,DELIVERED,OK
739,0,3,739,752,13,3,DELIVERED,OK
740,0,3,740,753,13,3,DELIVERED,OK
741,0,3,741,754,13,3,DELIVERED,OK
742,0,3,742,755,13,3,DELIVERED,OK
743,0,3,743,756,13,3,DELIVERED,OK
744,0,3,744,757,13,3,DELIVERED,OK
745,0,3,745,758,13,3,DELIVERED,OK
746,0,3,746,759,13,3,DELIVERED,OK
747,0,3,747,760,13,3,DELIVERED,OK
748,0,3,748,761,13,3,DELIVERED,OK
749,0,3,749,762,13,3,DELIVERED,OK
750,0,3,750,763,13,3,DELIVERED,OK
751,0,3,751,764,13,3,DELIVERED,OK
752,0,3,752,765,13,3,DELIVERED,OK
753,0,3,753,766,13,3,DELIVERED,OK
754,0,3,754,767,13,3,DELIVERED,OK
755,0,3,755,768,13,3,DELIVERED,OK
756,0,3,756,769,13,3,DELIVERED,OK
757,0,3,757,770,13,3,DELIVERED,OK
758,0,3,758,771,13,3,DELIVERED,OK
759,0,3,759,772,13,3,DELIVERED,OK
760,0,3,760,773,13,3,DELIVERED,OK
761,0,3,761,774,13,3,DELIVERED,OK
762,0,3,762,775,13,3,DELIVERED,OK
763,0,3,763,776,13,3,DELIVERED,OK
764,0,3,764,777,13,3,DELIVERED,OK
765,0,3,765,778,13,3,DELIVERED,OK
766,0,3,766,779,13,3,DELIVERED,OK
767,0,3,767,780,13,3,DELIVERED,OK
768,0,3,768,781,13,3,DELIVERED,OK
769,0,3,769,782,13,3,DELIVERED,OK
770,0,3,770,783,13,3,DELIVERED,OK
771,0,3,771,784,13,3,DELIVERED,OK
772,0,3,772,785,13,3,DELIVERED,OK
773,0,3,773,786,13,3,DELIVERED,OK
774,0,3,774,787,13,3,DELIVERED,OK
775,0,3,775,788,13,3,DELIVERED,OK
776,0,3,776,789,13,3,DELIVERED,OK
777,0,3,777,790,13,3,DELIVERED,OK
778,0,3,778,791,13,3,DELIVERED,OK
779,0,3,779,792,13,3,DELIVERED,OK
780,0,3,780,793,13,3,DELIVERED,OK
781,0,3,781,794,13,3,DELIVERED,OK
782,0,3,782,795,13,3,DELIVERED,OK
783,0,3,783,796,13,3,DELIVERED,OK
784,0,3,784,797,13,3,DELIVERED,OK
785,0,3,785,798,13,3,DELIVERED,OK
786,0,3,786,799,13,3,DELIVERED,OK
787,0,3,787,800,13,3,DELIVERED,OK
788,0,3,788,801,13,3,DELIVERED,OK
789,0,3,789,802,13,3,DELIVERED,OK
790,0,3,790,803,13,3,DELIVERED,OK
791,0,3,791,804,13,3,DELIVERED,OK
792,0,3,792,805,13,3,DELIVERED,OK
793,0,3,793,806,13,3,DELIVERED,OK
794,0,3,794,807,13,3,DELIVERED,OK
795,0,3,795,808,13,3,DELIVERED,OK
796,0,3,796,809,13,3,DELIVERED,OK
797,0,3,797,810,13,3,DELIVERED,OK
798,0,3,798,811,13,3,DELIVERED,OK
799,0,3,799,812,13,3,DELIVERED,OK
800,0,3,800,813,13,3,DELIVERED,OK
801,0,3,801,814,13,3,DELIVERED,OK
802,0,3,802,815,13,3,DELIVERED,OK
803,0,3,803,816,13,3,DELIVERED,OK
804,0,3,804,817,13,3,DELIVERED,OK
805,0,3,805,818,13,3,DELIVERED,OK
806,0,3,806,819,13,3,DELIVERED,OK
807,0,3,807,820,13,3,DELIVERED,OK
808,0,3,808,821,13,3,DELIVERED,OK
809,0,3,809,822,13,3,DELIVERED,OK
810,0,3,810,823,13,3,DELIVERED,OK
811,0,3,811,824,13,3,DELIVERED,OK
812,0,3,812,825,13,3,DELIVERED,OK
813,0,3,813,826,13,3,DELIVERED,OK
814,0,3,814,827,13,3,DELIVERED,OK
815,0,3,815,828,13,3,DELIVERED,OK
816,0,3,816,829,13,3,DELIVERED,OK
817,0,3,817,830,13,3,DELIVERED,OK
818,0,3,818,831,13,3,DELIVERED,OK
819,0,3,819,832,13,3,DELIVERED,OK
820,0,3,820,833,13,3,DELIVERED,OK
821,0,3,821,834,13,3,DELIVERED,OK
822,0,3,822,835,13,3,DELIVERED,OK
823,0,3,823,836,13,3,DELIVERED,OK
824,0,3,824,837,13,3,DELIVERED,OK
825,0,3,825,838,13,3,DELIVERED,OK
826,0,3,826,839,13,3,DELIVERED,OK
827,0,3,827,840,13,3,DELIVERED,OK
828,0,3,828,841,13,3,DELIVERED,OK
829,0,3,829,842,13,3,DELIVERED,OK
830,0,3,830,843,13,3,DELIVERED,OK
831,0,3,831,844,13,3,DELIVERED,OK
832,0,3,832,845,13,3,DELIVERED,OK
833,0,3,833,846,13,3,DELIVERED,OK
834,0,3,834,847,13,3,DELIVERED,OK
835,0,3,835,848,13,3,DELIVERED,OK
836,0,3,836,849,13,3,DELIVERED,OK
837,0,3,837,850,13,3,DELIVERED,OK
838,0,3,838,851,13,3,DELIVERED,OK
839,0,3,839,852,13,3,DELIVERED,OK
840,0,3,840,853,13,3,DELIVERED,OK
841,0,3,841,854,13,3,DELIVERED,OK
842,0,3,842,855,13,3,DELIVERED,OK
843,0,3,843,856,13,3,DELIVERED,OK
844,0,3,844,857,13,3,DELIVERED,OK
845,0,3,845,858,13,3,DELIVERED,OK
846,0,3,846,859,13,3,DELIVERED,OK
847,0,3,847,860,13,3,DELIVERED,OK
848,0,3,848,861,13,3,DELIVERED,OK
849,0,3,849,862,13,3,DELIVERED,OK
850,0,3,850,863,13,3,DELIVERED,OK
851,0,3,851,864,13,3,DELIVERED,OK
852,0,3,852,865,13,3,DELIVERED,OK
853,0,3,853,866,13,3,DELIVERED,OK
854,0,3,854,867,13,3,DELIVERED,OK
855,0,3,855,868,13,3,DELIVERED,OK
856,0,3,856,869,13,3,DELIVERED,OK
857,0,3,857,870,13,3,DELIVERED,OK
858,0,3,858,871,13,3,DELIVERED,OK
859,0,3,859,872,13,3,DELIVERED,OK
860,0,3,860,873,13,3,DELIVERED,OK
861,0,3,861,874,13,3,DELIVERED,OK
862,0,3,862,875,13,3,DELIVERED,OK
863,0,3,863,876,13,3,DELIVERED,OK
864,0,3,864,877,13,3,DELIVERED,OK
865,0,3,865,878,13,3,DELIVERED,OK
866,0,3,866,879,13,3,DELIVERED,OK
867,0,3,867,880,13,3,DELIVERED,OK
868,0,3,868,881,13,3,DELIVERED,OK
869,0,3,869,882,13,3,DELIVERED,OK
870,0,3,870,883,13,3,DELIVERED,OK
871,0,3,871,884,13,3,DELIVERED,OK
872,0,3,872,885,13,3,DELIVERED,OK
873,0,3,873,886,13,3,DELIVERED,OK
874,0,3,874,887,13,3,DELIVERED,OK
875,0,3,875,888,13,3,DELIVERED,OK
876,0,3,876,889,13,3,DELIVERED,OK
877,0,3,877,890,13,3,DELIVERED,OK
878,0,3,878,891,13,3,DELIVERED,OK
879,0,3,879,892,13,3,DELIVERED,OK
880,0,3,880,893,13,3,DELIVERED,OK
881,0,3,881,894,13,3,DELIVERED,OK
882,0,3,882,895,13,3,DELIVERED,OK
883,0,3,883,896,13,3,DELIVERED,OK
884,0,3,884,897,13,3,DELIVERED,OK
885,0,3,885,898,13,3,DELIVERED,OK
886,0,3,886,899,13,3,DELIVERED,OK
887,0,3,887,900,13,3,DELIVERED,OK
888,0,3,888,901,13,3,DELIVERED,OK
889,0,3,889,902,13,3,DELIVERED,OK
890,0,3,890,903,13,3,DELIVERED,OK
891,0,3,891,904,13,3,DELIVERED,OK
892,0,3,892,905,13,3,DELIVERED,OK
893,0,3,893,906,13,3,DELIVERED,OK
894,0,3,894,907,13,3,DELIVERED,OK
895,0,3,895,908,13,3,DELIVERED,OK
896,0,3,896,909,13,3,DELIVERED,OK
897,0,3,897,910,13,3,DELIVERED,OK
898,0,3,898,911,13,3,DELIVERED,OK
899,0,3,899,912,13,3,DELIVERED,OK
900,0,3,900,913,13,3,DELIVERED,OK
901,0,3,901,914,13,3,DELIVERED,OK
902,0,3,902,915,13,3,DELIVERED,OK
903,0,3,903,916,13,3,DELIVERED,OK
904,0,3,904,917,13,3,DELIVERED,OK
905,0,3,905,918,13,3,DELIVERED,OK
906,0,3,906,919,13,3,DELIVERED,OK
907,0,3,907,920,13,3,DELIVERED,OK
908,0,3,908,921,13,3,DELIVERED,OK
909,0,3,909,922,13,3,DELIVERED,OK
910,0,3,910,923,13,3,DELIVERED,OK
911,0,3,911,924,13,3,DELIVERED,OK
912,0,3,912,925,13,3,DELIVERED,OK
913,0,3,913,926,13,3,DELIVERED,OK
914,0,3,914,927,13,3,DELIVERED,OK
915,0,3,915,928,13,3,DELIVERED,OK
916,0,3,916,929,13,3,DELIVERED,OK
917,0,3,917,930,13,3,DELIVERED,OK
918,0,3,918,931,13,3,DELIVERED,OK
919,0,3,919,932,13,3,DELIVERED,OK
920,0,3,920,933,13,3,DELIVERED,OK
921,0,3,921,934,13,3,DELIVERED,OK
922,0,3,922,935,13,3,DELIVERED,OK
923,0,3,923,936,13,3,DELIVERED,OK
924,0,3,924,937,13,3,DELIVERED,OK
925,0,3,925,938,13,3,DELIVERED,OK
926,0,3,926,939,13,3,DELIVERED,OK
927,0,3,927,940,13,3,DELIVERED,OK
928,0,3,928,941,13,3,DELIVERED,OK
929,0,3,929,942,13,3,DELIVERED,OK
930,0,3,930,943,13,3,DELIVERED,OK
931,0,3,931,944,13,3,DELIVERED,OK
932,0,3,932,945,13,3,DELIVERED,OK
933,0,3,933,946,13,3,DELIVERED,OK
934,0,3,934,947,13,3,DELIVERED,OK
935,0,3,935,948,13,3,DELIVERED,OK
936,0,3,936,949,13,3,DELIVERED,OK
937,0,3,937,950,13,3,DELIVERED,OK
938,0,3,938,951,13,3,DELIVERED,OK
939,0,3,939,952,13,3,DELIVERED,OK
940,0,3,940,953,13,3,DELIVERED,OK
941,0,3,941,954,13,3,DELIVERED,OK
942,0,3,942,955,13,3,DELIVERED,OK
943,0,3,943,956,13,3,DELIVERED,OK
944,0,3,944,957,13,3,DELIVERED,OK
945,0,3,945,958,13,3,DELIVERED,OK
946,0,3,946,959,13,3,DELIVERED,OK
947,0,3,947,960,13,3,DELIVERED,OK
948,0,3,948,961,13,3,DELIVERED,OK
949,0,3,949,962,13,3,DELIVERED,OK
950,0,3,950,963,13,3,DELIVERED,OK
951,0,3,951,964,13,3,DELIVERED,OK
952,0,3,952,965,13,3,DELIVERED,OK
953,0,3,953,966,13,3,DELIVERED,OK
954,0,3,954,967,13,3,DELIVERED,OK
955,0,3,955,968,13,3,DELIVERED,OK
956,0,3,956,969,13,3,DELIVERED,OK
957,0,3,957,970,13,3,DELIVERED,OK
958,0,3,958,971,13,3,DELIVERED,OK
959,0,3,959,972,13,3,DELIVERED,OK
960,0,3,960,973,13,3,DELIVERED,OK
961,0,3,961,974,13,3,DELIVERED,OK
962,0,3,962,975,13,3,DELIVERED,OK
963,0,3,963,976,13,3,DELIVERED,OK
964,0,3,964,977,13,3,DELIVERED,OK
965,0,3,965,978,13,3,DELIVERED,OK
966,0,3,966,979,13,3,DELIVERED,OK
967,0,3,967,980,13,3,DELIVERED,OK
968,0,3,968,981,13,3,DELIVERED,OK
969,0,3,969,982,13,3,DELIVERED,OK
970,0,3,970,983,13,3,DELIVERED,OK
971,0,3,971,984,13,3,DELIVERED,OK
972,0,3,972,985,13,3,DELIVERED,OK
973,0,3,973,986,13,3,DELIVERED,OK
974,0,3,974,987,13,3,DELIVERED,OK
975,0,3,975,988,13,3,DELIVERED,OK
976,0,3,976,989,13,3,DELIVERED,OK
977,0,3,977,990,13,3,DELIVERED,OK
978,0,3,978,991,13,3,DELIVERED,OK
979,0,3,979,992,13,3,DELIVERED,OK
980,0,3,980,993,13,3,DELIVERED,OK
981,0,3,981,994,13,3,DELIVERED,OK
982,0,3,982,995,13,3,DELIVERED,OK
983,0,3,983,996,13,3,DELIVERED,OK
984,0,3,984,997,13,3,DELIVERED,OK
985,0,3,985,998,13,3,DELIVERED,OK
986,0,3,986,999,13,3,DELIVERED,OK
987,0,3,987,1000,13,3,DELIVERED,OK
988,0,3,988,1001,13,3,DELIVERED,OK
989,0,3,989,1002,13,3,DELIVERED,OK
990,0,3,990,1003,13,3,DELIVERED,OK
991,0,3,991,1004,13,3,DELIVERED,OK
992,0,3,992,1005,13,3,DELIVERED,OK
993,0,3,993,1006,13,3,DELIVERED,OK
994,0,3,994,1007,13,3,DELIVERED,OK
995,0,3,995,1008,13,3,DELIVERED,OK
996,0,3,996,1009,13,3,DELIVERED,OK
997,0,3,997,1010,13,3,DELIVERED,OK
998,0,3,998,1011,13,3,DELIVERED,OK
999,0,3,999,1012,13,3,DELIVERED,OK
1000,0,3,1000,1013,13,3,DELIVERED,OK
1001,0,3,1001,1014,13,3,DELIVERED,OK
1002,0,3,1002,1015,13,3,DELIVERED,OK
1003,0,3,1003,1016,13,3,DELIVERED,OK
1004,0,3,1004,1017,13,3,DELIVERED,OK
1005,0,3,1005,1018,13,3,DELIVERED,OK
1006,0,3,1006,1019,13,3,DELIVERED,OK
1007,0,3,1007,1020,13,3,DELIVERED,OK
1008,0,3,1008,1021,13,3,DELIVERED,OK
1009,0,3,1009,1022,13,3,DELIVERED,OK
1010,0,3,1010,1023,13,3,DELIVERED,OK
1011,0,3,1011,1024,13,3,DELIVERED,OK
1012,0,3,1012,1025,13,3,DELIVERED,OK
1013,0,3,1013,1026,13,3,DELIVERED,OK
1014,0,3,1014,1027,13,3,DELIVERED,OK
1015,0,3,1015,1028,13,3,DELIVERED,OK
1016,0,3,1016,1029,13,3,DELIVERED,OK
1017,0,3,1017,1030,13,3,DELIVERED,OK
1018,0,3,1018,1031,13,3,DELIVERED,OK
1019,0,3,1019,1032,13,3,DELIVERED,OK
1020,0,3,1020,1033,13,3,DELIVERED,OK
1021,0,3,1021,1034,13,3,DELIVERED,OK
1022,0,3,1022,1035,13,3,DELIVERED,OK
1023,0,3,1023,1036,13,3,DELIVERED,OK

--- GLOBAL METRICS ---
Metric,Value
Total Packets,1024
Delivered,1024
Dropped,0
Average Latency (ms),13
Jitter (ms),0
Min Latency (ms),13
Max Latency (ms),13
Packet Loss Rate (%),0
Average Hops,3
Throughput (pkt/ms),0.987464
