Timestamp,PacketID,Event,SourceNode,DestNode,CurrentNode,NextHop,Message
13,0,DELIVERED,-1,-1,3,-1,"Packet 0 delivered at node 3 (path: 0 -> 1 -> 3)"
14,1,DELIVERED,-1,-1,3,-1,"Packet 1 delivered at node 3 (path: 0 -> 1 -> 3)"
15,2,DELIVERED,-1,-1,3,-1,"Packet 2 delivered at node 3 (path: 0 -> 1 -> 3)"
16,3,DELIVERED,-1,-1,3,-1,"Packet 3 delivered at node 3 (path: 0 -> 1 -> 3)"
17,4,DELIVERED,-1,-1,3,-1,"Packet 4 delivered at node 3 (path: 0 -> 1 -> 3)"
18,5,DELIVERED,-1,-1,3,-1,"Packet 5 delivered at node 3 (path: 0 -> 1 -> 3)"
19,6,DELIVERED,-1,-1,3,-1,"Packet 6 delivered at node 3 (path: 0 -> 1 -> 3)"
20,7,DELIVERED,-1,-1,3,-1,"Packet 7 delivered at node 3 (path: 0 -> 1 -> 3)"
21,8,DELIVERED,-1,-1,3,-1,"Packet 8 delivered at node 3 (path: 0 -> 1 -> 3)"
22,9,DELIVERED,-1,-1,3,-1,"Packet 9 delivered at node 3 (path: 0 -> 1 -> 3)"
23,10,DELIVERED,-1,-1,3,-1,"Packet 10 delivered at node 3 (path: 0 -> 1 -> 3)"
24,11,DELIVERED,-1,-1,3,-1,"Packet 11 delivered at node 3 (path: 0 -> 1 -> 3)"
25,12,DELIVERED,-1,-1,3,-1,"Packet 12 delivered at node 3 (path: 0 -> 1 -> 3)"
26,13,DELIVERED,-1,-1,3,-1,"Packet 13 delivered at node 3 (path: 0 -> 1 -> 3)"
27,14,DELIVERED,-1,-1,3,-1,"Packet 14 delivered at node 3 (path: 0 -> 1 -> 3)"
28,15,DELIVERED,-1,-1,3,-1,"Packet 15 delivered at node 3 (path: 0 -> 1 -> 3)"
29,16,DELIVERED,-1,-1,3,-1,"Packet 16 delivered at node 3 (path: 0 -> 1 -> 3)"
30,17,DELIVERED,-1,-1,3,-1,"Packet 17 delivered at node 3 (path: 0 -> 1 -> 3)"
31,18,DELIVERED,-1,-1,3,-1,"Packet 18 delivered at node 3 (path: 0 -> 1 -> 3)"
32,19,DELIVERED,-1,-1,3,-1,"Packet 19 delivered at node 3 (path: 0 -> 1 -> 3)"
33,20,DELIVERED,-1,-1,3,-1,"Packet 20 delivered at node 3 (path: 0 -> 1 -> 3)"
34,21,DELIVERED,-1,-1,3,-1,"Packet 21 delivered at node 3 (path: 0 -> 1 -> 3)"
35,22,DELIVERED,-1,-1,3,-1,"Packet 22 delivered at node 3 (path: 0 -> 1 -> 3)"
36,23,DELIVERED,-1,-1,3,-1,"Packet 23 delivered at node 3 (path: 0 -> 1 -> 3)"
37,24,DELIVERED,-1,-1,3,-1,"Packet 24 delivered at node 3 (path: 0 -> 1 -> 3)"
38,25,DELIVERED,-1,-1,3,-1,"Packet 25 delivered at node 3 (path: 0 -> 1 -> 3)"
39,26,DELIVERED,-1,-1,3,-1,"Packet 26 delivered at node 3 (path: 0 -> 1 -> 3)"
40,27,DELIVERED,-1,-1,3,-1,"Packet 27 delivered at node 3 (path: 0 -> 1 -> 3)"
41,28,DELIVERED,-1,-1,3,-1,"Packet 28 delivered at node 3 (path: 0 -> 1 -> 3)"
42,29,DELIVERED,-1,-1,3,-1,"Packet 29 delivered at node 3 (path: 0 -> 1 -> 3)"
43,30,DELIVERED,-1,-1,3,-1,"Packet 30 delivered at node 3 (path: 0 -> 1 -> 3)"
44,31,DELIVERED,-1,-1,3,-1,"Packet 31 delivered at node 3 (path: 0 -> 1 -> 3)"
45,32,DELIVERED,-1,-1,3,-1,"Packet 32 delivered at node 3 (path: 0 -> 1 -> 3)"
46,33,DELIVERED,-1,-1,3,-1,"Packet 33 delivered at node 3 (path: 0 -> 1 -> 3)"
47,34,DELIVERED,-1,-1,3,-1,"Packet 34 delivered at node 3 (path: 0 -> 1 -> 3)"
48,35,DELIVERED,-1,-1,3,-1,"Packet 35 delivered at node 3 (path: 0 -> 1 -> 3)"
49,36,DELIVERED,-1,-1,3,-1,"Packet 36 delivered at node 3 (path: 0 -> 1 -> 3)"
50,37,DELIVERED,-1,-1,3,-1,"Packet 37 delivered at node 3 (path: 0 -> 1 -> 3)"
51,38,DELIVERED,-1,-1,3,-1,"Packet 38 delivered at node 3 (path: 0 -> 1 -> 3)"
52,39,DELIVERED,-1,-1,3,-1,"Packet 39 delivered at node 3 (path: 0 -> 1 -> 3)"
53,40,DELIVERED,-1,-1,3,-1,"Packet 40 delivered at node 3 (path: 0 -> 1 -> 3)"
54,41,DELIVERED,-1,-1,3,-1,"Packet 41 delivered at node 3 (path: 0 -> 1 -> 3)"
55,42,DELIVERED,-1,-1,3,-1,"Packet 42 delivered at node 3 (path: 0 -> 1 -> 3)"
56,43,DELIVERED,-1,-1,3,-1,"Packet 43 delivered at node 3 (path: 0 -> 1 -> 3)"
57,44,DELIVERED,-1,-1,3,-1,"Packet 44 delivered at node 3 (path: 0 -> 1 -> 3)"
58,45,DELIVERED,-1,-1,3,-1,"Packet 45 delivered at node 3 (path: 0 -> 1 -> 3)"
59,46,DELIVERED,-1,-1,3,-1,"Packet 46 delivered at node 3 (path: 0 -> 1 -> 3)"
60,47,DELIVERED,-1,-1,3,-1,"Packet 47 delivered at node 3 (path: 0 -> 1 -> 3)"
61,48,DELIVERED,-1,-1,3,-1,"Packet 48 delivered at node 3 (path: 0 -> 1 -> 3)"
62,49,DELIVERED,-1,-1,3,-1,"Packet 49 delivered at node 3 (path: 0 -> 1 -> 3)"
63,50,DELIVERED,-1,-1,3,-1,"Packet 50 delivered at node 3 (path: 0 -> 1 -> 3)"
64,51,DELIVERED,-1,-1,3,-1,"Packet 51 delivered at node 3 (path: 0 -> 1 -> 3)"
65,52,DELIVERED,-1,-1,3,-1,"Packet 52 delivered at node 3 (path: 0 -> 1 -> 3)"
66,53,DELIVERED,-1,-1,3,-1,"Packet 53 delivered at node 3 (path: 0 -> 1 -> 3)"
67,54,DELIVERED,-1,-1,3,-1,"Packet 54 delivered at node 3 (path: 0 -> 1 -> 3)"
68,55,DELIVERED,-1,-1,3,-1,"Packet 55 delivered at node 3 (path: 0 -> 1 -> 3)"
69,56,DELIVERED,-1,-1,3,-1,"Packet 56 delivered at node 3 (path: 0 -> 1 -> 3)"
70,57,DELIVERED,-1,-1,3,-1,"Packet 57 delivered at node 3 (path: 0 -> 1 -> 3)"
71,58,DELIVERED,-1,-1,3,-1,"Packet 58 delivered at node 3 (path: 0 -> 1 -> 3)"
72,59,DELIVERED,-1,-1,3,-1,"Packet 59 delivered at node 3 (path: 0 -> 1 -> 3)"
73,60,DELIVERED,-1,-1,3,-1,"Packet 60 delivered at node 3 (path: 0 -> 1 -> 3)"
74,61,DELIVERED,-1,-1,3,-1,"Packet 61 delivered at node 3 (path: 0 -> 1 -> 3)"
75,62,DELIVERED,-1,-1,3,-1,"Packet 62 delivered at node 3 (path: 0 -> 1 -> 3)"
76,63,DELIVERED,-1,-1,3,-1,"Packet 63 delivered at node 3 (path: 0 -> 1 -> 3)"
77,64,DELIVERED,-1,-1,3,-1,"Packet 64 delivered at node 3 (path: 0 -> 1 -> 3)"
78,65,DELIVERED,-1,-1,3,-1,"Packet 65 delivered at node 3 (path: 0 -> 1 -> 3)"
79,66,DELIVERED,-1,-1,3,-1,"Packet 66 delivered at node 3 (path: 0 -> 1 -> 3)"
80,67,DELIVERED,-1,-1,3,-1,"Packet 67 delivered at node 3 (path: 0 -> 1 -> 3)"
81,68,DELIVERED,-1,-1,3,-1,"Packet 68 delivered at node 3 (path: 0 -> 1 -> 3)"
82,69,DELIVERED,-1,-1,3,-1,"Packet 69 delivered at node 3 (path: 0 -> 1 -> 3)"
83,70,DELIVERED,-1,-1,3,-1,"Packet 70 delivered at node 3 (path: 0 -> 1 -> 3)"
84,71,DELIVERED,-1,-1,3,-1,"Packet 71 delivered at node 3 (path: 0 -> 1 -> 3)"
85,72,DELIVERED,-1,-1,3,-1,"Packet 72 delivered at node 3 (path: 0 -> 1 -> 3)"
86,73,DELIVERED,-1,-1,3,-1,"Packet 73 delivered at node 3 (path: 0 -> 1 -> 3)"
87,74,DELIVERED,-1,-1,3,-1,"Packet 74 delivered at node 3 (path: 0 -> 1 -> 3)"
88,75,DELIVERED,-1,-1,3,-1,"Packet 75 delivered at node 3 (path: 0 -> 1 -> 3)"
89,76,DELIVERED,-1,-1,3,-1,"Packet 76 delivered at node 3 (path: 0 -> 1 -> 3)"
90,77,DELIVERED,-1,-1,3,-1,"Packet 77 delivered at node 3 (path: 0 -> 1 -> 3)"
91,78,DELIVERED,-1,-1,3,-1,"Packet 78 delivered at node 3 (path: 0 -> 1 -> 3)"
92,79,DELIVERED,-1,-1,3,-1,"Packet 79 delivered at node 3 (path: 0 -> 1 -> 3)"
93,80,DELIVERED,-1,-1,3,-1,"Packet 80 delivered at node 3 (path: 0 -> 1 -> 3)"
94,81,DELIVERED,-1,-1,3,-1,"Packet 81 delivered at node 3 (path: 0 -> 1 -> 3)"
95,82,DELIVERED,-1,-1,3,-1,"Packet 82 delivered at node 3 (path: 0 -> 1 -> 3)"
96,83,DELIVERED,-1,-1,3,-1,"Packet 83 delivered at node 3 (path: 0 -> 1 -> 3)"
97,84,DELIVERED,-1,-1,3,-1,"Packet 84 delivered at node 3 (path: 0 -> 1 -> 3)"
98,85,DELIVERED,-1,-1,3,-1,"Packet 85 delivered at node 3 (path: 0 -> 1 -> 3)"
99,86,DELIVERED,-1,-1,3,-1,"Packet 86 delivered at node 3 (path: 0 -> 1 -> 3)"
100,87,DELIVERED,-1,-1,3,-1,"Packet 87 delivered at node 3 (path: 0 -> 1 -> 3)"
101,88,DELIVERED,-1,-1,3,-1,"Packet 88 delivered at node 3 (path: 0 -> 1 -> 3)"
102,89,DELIVERED,-1,-1,3,-1,"Packet 89 delivered at node 3 (path: 0 -> 1 -> 3)"
103,90,DELIVERED,-1,-1,3,-1,"Packet 90 delivered at node 3 (path: 0 -> 1 -> 3)"
104,91,DELIVERED,-1,-1,3,-1,"Packet 91 delivered at node 3 (path: 0 -> 1 -> 3)"
105,92,DELIVERED,-1,-1,3,-1,"Packet 92 delivered at node 3 (path: 0 -> 1 -> 3)"
106,93,DELIVERED,-1,-1,3,-1,"Packet 93 delivered at node 3 (path: 0 -> 1 -> 3)"
107,94,DELIVERED,-1,-1,3,-1,"Packet 94 delivered at node 3 (path: 0 -> 1 -> 3)"
108,95,DELIVERED,-1,-1,3,-1,"Packet 95 delivered at node 3 (path: 0 -> 1 -> 3)"
109,96,DELIVERED,-1,-1,3,-1,"Packet 96 delivered at node 3 (path: 0 -> 1 -> 3)"
110,97,DELIVERED,-1,-1,3,-1,"Packet 97 delivered at node 3 (path: 0 -> 1 -> 3)"
111,98,DELIVERED,-1,-1,3,-1,"Packet 98 delivered at node 3 (path: 0 -> 1 -> 3)"
112,99,DELIVERED,-1,-1,3,-1,"Packet 99 delivered at node 3 (path: 0 -> 1 -> 3)"
113,100,DELIVERED,-1,-1,3,-1,"Packet 100 delivered at node 3 (path: 0 -> 1 -> 3)"
114,101,DELIVERED,-1,-1,3,-1,"Packet 101 delivered at node 3 (path: 0 -> 1 -> 3)"
115,102,DELIVERED,-1,-1,3,-1,"Packet 102 delivered at node 3 (path: 0 -> 1 -> 3)"
116,103,DELIVERED,-1,-1,3,-1,"Packet 103 delivered at node 3 (path: 0 -> 1 -> 3)"
117,104,DELIVERED,-1,-1,3,-1,"Packet 104 delivered at node 3 (path: 0 -> 1 -> 3)"
118,105,DELIVERED,-1,-1,3,-1,"Packet 105 delivered at node 3 (path: 0 -> 1 -> 3)"
119,106,DELIVERED,-1,-1,3,-1,"Packet 106 delivered at node 3 (path: 0 -> 1 -> 3)"
120,107,DELIVERED,-1,-1,3,-1,"Packet 107 delivered at node 3 (path: 0 -> 1 -> 3)"
121,108,DELIVERED,-1,-1,3,-1,"Packet 108 delivered at node 3 (path: 0 -> 1 -> 3)"
122,109,DELIVERED,-1,-1,3,-1,"Packet 109 delivered at node 3 (path: 0 -> 1 -> 3)"
123,110,DELIVERED,-1,-1,3,-1,"Packet 110 delivered at node 3 (path: 0 -> 1 -> 3)"
124,111,DELIVERED,-1,-1,3,-1,"Packet 111 delivered at node 3 (path: 0 -> 1 -> 3)"
125,112,DELIVERED,-1,-1,3,-1,"Packet 112 delivered at node 3 (path: 0 -> 1 -> 3)"
126,113,DELIVERED,-1,-1,3,-1,"Packet 113 delivered at node 3 (path: 0 -> 1 -> 3)"
127,114,DELIVERED,-1,-1,3,-1,"Packet 114 delivered at node 3 (path: 0 -> 1 -> 3)"
128,115,DELIVERED,-1,-1,3,-1,"Packet 115 delivered at node 3 (path: 0 -> 1 -> 3)"
129,116,DELIVERED,-1,-1,3,-1,"Packet 116 delivered at node 3 (path: 0 -> 1 -> 3)"
130,117,DELIVERED,-1,-1,3,-1,"Packet 117 delivered at node 3 (path: 0 -> 1 -> 3)"
131,118,DELIVERED,-1,-1,3,-1,"Packet 118 delivered at node 3 (path: 0 -> 1 -> 3)"
132,119,DELIVERED,-1,-1,3,-1,"Packet 119 delivered at node 3 (path: 0 -> 1 -> 3)"
133,120,DELIVERED,-1,-1,3,-1,"Packet 120 delivered at node 3 (path: 0 -> 1 -> 3)"
134,121,DELIVERED,-1,-1,3,-1,"Packet 121 delivered at node 3 (path: 0 -> 1 -> 3)"
135,122,DELIVERED,-1,-1,3,-1,"Packet 122 delivered at node 3 (path: 0 -> 1 -> 3)"
136,123,DELIVERED,-1,-1,3,-1,"Packet 123 delivered at node 3 (path: 0 -> 1 -> 3)"
137,124,DELIVERED,-1,-1,3,-1,"Packet 124 delivered at node 3 (path: 0 -> 1 -> 3)"
138,125,DELIVERED,-1,-1,3,-1,"Packet 125 delivered at node 3 (path: 0 -> 1 -> 3)"
139,126,DELIVERED,-1,-1,3,-1,"Packet 126 delivered at node 3 (path: 0 -> 1 -> 3)"
140,127,DELIVERED,-1,-1,3,-1,"Packet 127 delivered at node 3 (path: 0 -> 1 -> 3)"
141,128,DELIVERED,-1,-1,3,-1,"Packet 128 delivered at node 3 (path: 0 -> 1 -> 3)"
142,129,DELIVERED,-1,-1,3,-1,"Packet 129 delivered at node 3 (path: 0 -> 1 -> 3)"
143,130,DELIVERED,-1,-1,3,-1,"Packet 130 delivered at node 3 (path: 0 -> 1 -> 3)"
144,131,DELIVERED,-1,-1,3,-1,"Packet 131 delivered at node 3 (path: 0 -> 1 -> 3)"
145,132,DELIVERED,-1,-1,3,-1,"Packet 132 delivered at node 3 (path: 0 -> 1 -> 3)"
146,133,DELIVERED,-1,-1,3,-1,"Packet 133 delivered at node 3 (path: 0 -> 1 -> 3)"
147,134,DELIVERED,-1,-1,3,-1,"Packet 134 delivered at node 3 (path: 0 -> 1 -> 3)"
148,135,DELIVERED,-1,-1,3,-1,"Packet 135 delivered at node 3 (path: 0 -> 1 -> 3)"
149,136,DELIVERED,-1,-1,3,-1,"Packet 136 delivered at node 3 (path: 0 -> 1 -> 3)"
150,137,DELIVERED,-1,-1,3,-1,"Packet 137 delivered at node 3 (path: 0 -> 1 -> 3)"
151,138,DELIVERED,-1,-1,3,-1,"Packet 138 delivered at node 3 (path: 0 -> 1 -> 3)"
152,139,DELIVERED,-1,-1,3,-1,"Packet 139 delivered at node 3 (path: 0 -> 1 -> 3)"
153,140,DELIVERED,-1,-1,3,-1,"Packet 140 delivered at node 3 (path: 0 -> 1 -> 3)"
154,141,DELIVERED,-1,-1,3,-1,"Packet 141 delivered at node 3 (path: 0 -> 1 -> 3)"
155,142,DELIVERED,-1,-1,3,-1,"Packet 142 delivered at node 3 (path: 0 -> 1 -> 3)"
156,143,DELIVERED,-1,-1,3,-1,"Packet 143 delivered at node 3 (path: 0 -> 1 -> 3)"
157,144,DELIVERED,-1,-1,3,-1,"Packet 144 delivered at node 3 (path: 0 -> 1 -> 3)"
158,145,DELIVERED,-1,-1,3,-1,"Packet 145 delivered at node 3 (path: 0 -> 1 -> 3)"
159,146,DELIVERED,-1,-1,3,-1,"Packet 146 delivered at node 3 (path: 0 -> 1 -> 3)"
160,147,DELIVERED,-1,-1,3,-1,"Packet 147 delivered at node 3 (path: 0 -> 1 -> 3)"
161,148,DELIVERED,-1,-1,3,-1,"Packet 148 delivered at node 3 (path: 0 -> 1 -> 3)"
162,149,DELIVERED,-1,-1,3,-1,"Packet 149 delivered at node 3 (path: 0 -> 1 -> 3)"
163,150,DELIVERED,-1,-1,3,-1,"Packet 150 delivered at node 3 (path: 0 -> 1 -> 3)"
164,151,DELIVERED,-1,-1,3,-1,"Packet 151 delivered at node 3 (path: 0 -> 1 -> 3)"
165,152,DELIVERED,-1,-1,3,-1,"Packet 152 delivered at node 3 (path: 0 -> 1 -> 3)"
166,153,DELIVERED,-1,-1,3,-1,"Packet 153 delivered at node 3 (path: 0 -> 1 -> 3)"
167,154,DELIVERED,-1,-1,3,-1,"Packet 154 delivered at node 3 (path: 0 -> 1 -> 3)"
168,155,DELIVERED,-1,-1,3,-1,"Packet 155 delivered at node 3 (path: 0 -> 1 -> 3)"
169,156,DELIVERED,-1,-1,3,-1,"Packet 156 delivered at node 3 (path: 0 -> 1 -> 3)"
170,157,DELIVERED,-1,-1,3,-1,"Packet 157 delivered at node 3 (path: 0 -> 1 -> 3)"
171,158,DELIVERED,-1,-1,3,-1,"Packet 158 delivered at node 3 (path: 0 -> 1 -> 3)"
172,159,DELIVERED,-1,-1,3,-1,"Packet 159 delivered at node 3 (path: 0 -> 1 -> 3)"
173,160,DELIVERED,-1,-1,3,-1,"Packet 160 delivered at node 3 (path: 0 -> 1 -> 3)"
174,161,DELIVERED,-1,-1,3,-1,"Packet 161 delivered at node 3 (path: 0 -> 1 -> 3)"
175,162,DELIVERED,-1,-1,3,-1,"Packet 162 delivered at node 3 (path: 0 -> 1 -> 3)"
176,163,DELIVERED,-1,-1,3,-1,"Packet 163 delivered at node 3 (path: 0 -> 1 -> 3)"
177,164,DELIVERED,-1,-1,3,-1,"Packet 164 delivered at node 3 (path: 0 -> 1 -> 3)"
178,165,DELIVERED,-1,-1,3,-1,"Packet 165 delivered at node 3 (path: 0 -> 1 -> 3)"
179,166,DELIVERED,-1,-1,3,-1,"Packet 166 delivered at node 3 (path: 0 -> 1 -> 3)"
180,167,DELIVERED,-1,-1,3,-1,"Packet 167 delivered at node 3 (path: 0 -> 1 -> 3)"
181,168,DELIVERED,-1,-1,3,-1,"Packet 168 delivered at node 3 (path: 0 -> 1 -> 3)"
182,169,DELIVERED,-1,-1,3,-1,"Packet 169 delivered at node 3 (path: 0 -> 1 -> 3)"
183,170,DELIVERED,-1,-1,3,-1,"Packet 170 delivered at node 3 (path: 0 -> 1 -> 3)"
184,171,DELIVERED,-1,-1,3,-1,"Packet 171 delivered at node 3 (path: 0 -> 1 -> 3)"
185,172,DELIVERED,-1,-1,3,-1,"Packet 172 delivered at node 3 (path: 0 -> 1 -> 3)"
186,173,DELIVERED,-1,-1,3,-1,"Packet 173 delivered at node 3 (path: 0 -> 1 -> 3)"
187,174,DELIVERED,-1,-1,3,-1,"Packet 174 delivered at node 3 (path: 0 -> 1 -> 3)"
188,175,DELIVERED,-1,-1,3,-1,"Packet 175 delivered at node 3 (path: 0 -> 1 -> 3)"
189,176,DELIVERED,-1,-1,3,-1,"Packet 176 delivered at node 3 (path: 0 -> 1 -> 3)"
190,177,DELIVERED,-1,-1,3,-1,"Packet 177 delivered at node 3 (path: 0 -> 1 -> 3)"
191,178,DELIVERED,-1,-1,3,-1,"Packet 178 delivered at node 3 (path: 0 -> 1 -> 3)"
192,179,DELIVERED,-1,-1,3,-1,"Packet 179 delivered at node 3 (path: 0 -> 1 -> 3)"
193,180,DELIVERED,-1,-1,3,-1,"Packet 180 delivered at node 3 (path: 0 -> 1 -> 3)"
194,181,DELIVERED,-1,-1,3,-1,"Packet 181 delivered at node 3 (path: 0 -> 1 -> 3)"
195,182,DELIVERED,-1,-1,3,-1,"Packet 182 delivered at node 3 (path: 0 -> 1 -> 3)"
196,183,DELIVERED,-1,-1,3,-1,"Packet 183 delivered at node 3 (path: 0 -> 1 -> 3)"
197,184,DELIVERED,-1,-1,3,-1,"Packet 184 delivered at node 3 (path: 0 -> 1 -> 3)"
198,185,DELIVERED,-1,-1,3,-1,"Packet 185 delivered at node 3 (path: 0 -> 1 -> 3)"
199,186,DELIVERED,-1,-1,3,-1,"Packet 186 delivered at node 3 (path: 0 -> 1 -> 3)"
200,187,DELIVERED,-1,-1,3,-1,"Packet 187 delivered at node 3 (path: 0 -> 1 -> 3)"
201,188,DELIVERED,-1,-1,3,-1,"Packet 188 delivered at node 3 (path: 0 -> 1 -> 3)"
202,189,DELIVERED,-1,-1,3,-1,"Packet 189 delivered at node 3 (path: 0 -> 1 -> 3)"
203,190,DELIVERED,-1,-1,3,-1,"Packet 190 delivered at node 3 (path: 0 -> 1 -> 3)"
204,191,DELIVERED,-1,-1,3,-1,"Packet 191 delivered at node 3 (path: 0 -> 1 -> 3)"
205,192,DELIVERED,-1,-1,3,-1,"Packet 192 delivered at node 3 (path: 0 -> 1 -> 3)"
206,193,DELIVERED,-1,-1,3,-1,"Packet 193 delivered at node 3 (path: 0 -> 1 -> 3)"
207,194,DELIVERED,-1,-1,3,-1,"Packet 194 delivered at node 3 (path: 0 -> 1 -> 3)"
208,195,DELIVERED,-1,-1,3,-1,"Packet 195 delivered at node 3 (path: 0 -> 1 -> 3)"
209,196,DELIVERED,-1,-1,3,-1,"Packet 196 delivered at node 3 (path: 0 -> 1 -> 3)"
210,197,DELIVERED,-1,-1,3,-1,"Packet 197 delivered at node 3 (path: 0 -> 1 -> 3)"
211,198,DELIVERED,-1,-1,3,-1,"Packet 198 delivered at node 3 (path: 0 -> 1 -> 3)"
212,199,DELIVERED,-1,-1,3,-1,"Packet 199 delivered at node 3 (path: 0 -> 1 -> 3)"
213,200,DELIVERED,-1,-1,3,-1,"Packet 200 delivered at node 3 (path: 0 -> 1 -> 3)"
214,201,DELIVERED,-1,-1,3,-1,"Packet 201 delivered at node 3 (path: 0 -> 1 -> 3)"
215,202,DELIVERED,-1,-1,3,-1,"Packet 202 delivered at node 3 (path: 0 -> 1 -> 3)"
216,203,DELIVERED,-1,-1,3,-1,"Packet 203 delivered at node 3 (path: 0 -> 1 -> 3)"
217,204,DELIVERED,-1,-1,3,-1,"Packet 204 delivered at node 3 (path: 0 -> 1 -> 3)"
218,205,DELIVERED,-1,-1,3,-1,"Packet 205 delivered at node 3 (path: 0 -> 1 -> 3)"
219,206,DELIVERED,-1,-1,3,-1,"Packet 206 delivered at node 3 (path: 0 -> 1 -> 3)"
220,207,DELIVERED,-1,-1,3,-1,"Packet 207 delivered at node 3 (path: 0 -> 1 -> 3)"
221,208,DELIVERED,-1,-1,3,-1,"Packet 208 delivered at node 3 (path: 0 -> 1 -> 3)"
222,209,DELIVERED,-1,-1,3,-1,"Packet 209 delivered at node 3 (path: 0 -> 1 -> 3)"
223,210,DELIVERED,-1,-1,3,-1,"Packet 210 delivered at node 3 (path: 0 -> 1 -> 3)"
224,211,DELIVERED,-1,-1,3,-1,"Packet 211 delivered at node 3 (path: 0 -> 1 -> 3)"
225,212,DELIVERED,-1,-1,3,-1,"Packet 212 delivered at node 3 (path: 0 -> 1 -> 3)"
226,213,DELIVERED,-1,-1,3,-1,"Packet 213 delivered at node 3 (path: 0 -> 1 -> 3)"
227,214,DELIVERED,-1,-1,3,-1,"Packet 214 delivered at node 3 (path: 0 -> 1 -> 3)"
228,215,DELIVERED,-1,-1,3,-1,"Packet 215 delivered at node 3 (path: 0 -> 1 -> 3)"
229,216,DELIVERED,-1,-1,3,-1,"Packet 216 delivered at node 3 (path: 0 -> 1 -> 3)"
230,217,DELIVERED,-1,-1,3,-1,"Packet 217 delivered at node 3 (path: 0 -> 1 -> 3)"
231,218,DELIVERED,-1,-1,3,-1,"Packet 218 delivered at node 3 (path: 0 -> 1 -> 3)"
232,219,DELIVERED,-1,-1,3,-1,"Packet 219 delivered at node 3 (path: 0 -> 1 -> 3)"
233,220,DELIVERED,-1,-1,3,-1,"Packet 220 delivered at node 3 (path: 0 -> 1 -> 3)"
234,221,DELIVERED,-1,-1,3,-1,"Packet 221 delivered at node 3 (path: 0 -> 1 -> 3)"
235,222,DELIVERED,-1,-1,3,-1,"Packet 222 delivered at node 3 (path: 0 -> 1 -> 3)"
236,223,DELIVERED,-1,-1,3,-1,"Packet 223 delivered at node 3 (path: 0 -> 1 -> 3)"
237,224,DELIVERED,-1,-1,3,-1,"Packet 224 delivered at node 3 (path: 0 -> 1 -> 3)"
238,225,DELIVERED,-1,-1,3,-1,"Packet 225 delivered at node 3 (path: 0 -> 1 -> 3)"
239,226,DELIVERED,-1,-1,3,-1,"Packet 226 delivered at node 3 (path: 0 -> 1 -> 3)"
240,227,DELIVERED,-1,-1,3,-1,"Packet 227 delivered at node 3 (path: 0 -> 1 -> 3)"
241,228,DELIVERED,-1,-1,3,-1,"Packet 228 delivered at node 3 (path: 0 -> 1 -> 3)"
242,229,DELIVERED,-1,-1,3,-1,"Packet 229 delivered at node 3 (path: 0 -> 1 -> 3)"
243,230,DELIVERED,-1,-1,3,-1,"Packet 230 delivered at node 3 (path: 0 -> 1 -> 3)"
244,231,DELIVERED,-1,-1,3,-1,"Packet 231 delivered at node 3 (path: 0 -> 1 -> 3)"
245,232,DELIVERED,-1,-1,3,-1,"Packet 232 delivered at node 3 (path: 0 -> 1 -> 3)"
246,233,DELIVERED,-1,-1,3,-1,"Packet 233 delivered at node 3 (path: 0 -> 1 -> 3)"
247,234,DELIVERED,-1,-1,3,-1,"Packet 234 delivered at node 3 (path: 0 -> 1 -> 3)"
248,235,DELIVERED,-1,-1,3,-1,"Packet 235 delivered at node 3 (path: 0 -> 1 -> 3)"
249,236,DELIVERED,-1,-1,3,-1,"Packet 236 delivered at node 3 (path: 0 -> 1 -> 3)"
250,237,DELIVERED,-1,-1,3,-1,"Packet 237 delivered at node 3 (path: 0 -> 1 -> 3)"
251,238,DELIVERED,-1,-1,3,-1,"Packet 238 delivered at node 3 (path: 0 -> 1 -> 3)"
252,239,DELIVERED,-1,-1,3,-1,"Packet 239 delivered at node 3 (path: 0 -> 1 -> 3)"
253,240,DELIVERED,-1,-1,3,-1,"Packet 240 delivered at node 3 (path: 0 -> 1 -> 3)"
254,241,DELIVERED,-1,-1,3,-1,"Packet 241 delivered at node 3 (path: 0 -> 1 -> 3)"
255,242,DELIVERED,-1,-1,3,-1,"Packet 242 delivered at node 3 (path: 0 -> 1 -> 3)"
256,243,DELIVERED,-1,-1,3,-1,"Packet 243 delivered at node 3 (path: 0 -> 1 -> 3)"
257,244,DELIVERED,-1,-1,3,-1,"Packet 244 delivered at node 3 (path: 0 -> 1 -> 3)"
258,245,DELIVERED,-1,-1,3,-1,"Packet 245 delivered at node 3 (path: 0 -> 1 -> 3)"
259,246,DELIVERED,-1,-1,3,-1,"Packet 246 delivered at node 3 (path: 0 -> 1 -> 3)"
260,247,DELIVERED,-1,-1,3,-1,"Packet 247 delivered at node 3 (path: 0 -> 1 -> 3)"
261,248,DELIVERED,-1,-1,3,-1,"Packet 248 delivered at node 3 (path: 0 -> 1 -> 3)"
262,249,DELIVERED,-1,-1,3,-1,"Packet 249 delivered at node 3 (path: 0 -> 1 -> 3)"
263,250,DELIVERED,-1,-1,3,-1,"Packet 250 delivered at node 3 (path: 0 -> 1 -> 3)"
264,251,DELIVERED,-1,-1,3,-1,"Packet 251 delivered at node 3 (path: 0 -> 1 -> 3)"
265,252,DELIVERED,-1,-1,3,-1,"Packet 252 delivered at node 3 (path: 0 -> 1 -> 3)"
266,253,DELIVERED,-1,-1,3,-1,"Packet 253 delivered at node 3 (path: 0 -> 1 -> 3)"
267,254,DELIVERED,-1,-1,3,-1,"Packet 254 delivered at node 3 (path: 0 -> 1 -> 3)"
268,255,DELIVERED,-1,-1,3,-1,"Packet 255 delivered at node 3 (path: 0 -> 1 -> 3)"
269,256,DELIVERED,-1,-1,3,-1,"Packet 256 delivered at node 3 (path: 0 -> 1 -> 3)"
270,257,DELIVERED,-1,-1,3,-1,"Packet 257 delivered at node 3 (path: 0 -> 1 -> 3)"
271,258,DELIVERED,-1,-1,3,-1,"Packet 258 delivered at node 3 (path: 0 -> 1 -> 3)"
272,259,DELIVERED,-1,-1,3,-1,"Packet 259 delivered at node 3 (path: 0 -> 1 -> 3)"
273,260,DELIVERED,-1,-1,3,-1,"Packet 260 delivered at node 3 (path: 0 -> 1 -> 3)"
274,261,DELIVERED,-1,-1,3,-1,"Packet 261 delivered at node 3 (path: 0 -> 1 -> 3)"
275,262,DELIVERED,-1,-1,3,-1,"Packet 262 delivered at node 3 (path: 0 -> 1 -> 3)"
276,263,DELIVERED,-1,-1,3,-1,"Packet 263 delivered at node 3 (path: 0 -> 1 -> 3)"
277,264,DELIVERED,-1,-1,3,-1,"Packet 264 delivered at node 3 (path: 0 -> 1 -> 3)"
278,265,DELIVERED,-1,-1,3,-1,"Packet 265 delivered at node 3 (path: 0 -> 1 -> 3)"
279,266,DELIVERED,-1,-1,3,-1,"Packet 266 delivered at node 3 (path: 0 -> 1 -> 3)"
280,267,DELIVERED,-1,-1,3,-1,"Packet 267 delivered at node 3 (path: 0 -> 1 -> 3)"
281,268,DELIVERED,-1,-1,3,-1,"Packet 268 delivered at node 3 (path: 0 -> 1 -> 3)"
282,269,DELIVERED,-1,-1,3,-1,"Packet 269 delivered at node 3 (path: 0 -> 1 -> 3)"
283,270,DELIVERED,-1,-1,3,-1,"Packet 270 delivered at node 3 (path: 0 -> 1 -> 3)"
284,271,DELIVERED,-1,-1,3,-1,"Packet 271 delivered at node 3 (path: 0 -> 1 -> 3)"
285,272,DELIVERED,-1,-1,3,-1,"Packet 272 delivered at node 3 (path: 0 -> 1 -> 3)"
286,273,DELIVERED,-1,-1,3,-1,"Packet 273 delivered at node 3 (path: 0 -> 1 -> 3)"
287,274,DELIVERED,-1,-1,3,-1,"Packet 274 delivered at node 3 (path: 0 -> 1 -> 3)"
288,275,DELIVERED,-1,-1,3,-1,"Packet 275 delivered at node 3 (path: 0 -> 1 -> 3)"
289,276,DELIVERED,-1,-1,3,-1,"Packet 276 delivered at node 3 (path: 0 -> 1 -> 3)"
290,277,DELIVERED,-1,-1,3,-1,"Packet 277 delivered at node 3 (path: 0 -> 1 -> 3)"
291,278,DELIVERED,-1,-1,3,-1,"Packet 278 delivered at node 3 (path: 0 -> 1 -> 3)"
292,279,DELIVERED,-1,-1,3,-1,"Packet 279 delivered at node 3 (path: 0 -> 1 -> 3)"
293,280,DELIVERED,-1,-1,3,-1,"Packet 280 delivered at node 3 (path: 0 -> 1 -> 3)"
294,281,DELIVERED,-1,-1,3,-1,"Packet 281 delivered at node 3 (path: 0 -> 1 -> 3)"
295,282,DELIVERED,-1,-1,3,-1,"Packet 282 delivered at node 3 (path: 0 -> 1 -> 3)"
296,283,DELIVERED,-1,-1,3,-1,"Packet 283 delivered at node 3 (path: 0 -> 1 -> 3)"
297,284,DELIVERED,-1,-1,3,-1,"Packet 284 delivered at node 3 (path: 0 -> 1 -> 3)"
298,285,DELIVERED,-1,-1,3,-1,"Packet 285 delivered at node 3 (path: 0 -> 1 -> 3)"
299,286,DELIVERED,-1,-1,3,-1,"Packet 286 delivered at node 3 (path: 0 -> 1 -> 3)"
300,287,DELIVERED,-1,-1,3,-1,"Packet 287 delivered at node 3 (path: 0 -> 1 -> 3)"
301,288,DELIVERED,-1,-1,3,-1,"Packet 288 delivered at node 3 (path: 0 -> 1 -> 3)"
302,289,DELIVERED,-1,-1,3,-1,"Packet 289 delivered at node 3 (path: 0 -> 1 -> 3)"
303,290,DELIVERED,-1,-1,3,-1,"Packet 290 delivered at node 3 (path: 0 -> 1 -> 3)"
304,291,DELIVERED,-1,-1,3,-1,"Packet 291 delivered at node 3 (path: 0 -> 1 -> 3)"
305,292,DELIVERED,-1,-1,3,-1,"Packet 292 delivered at node 3 (path: 0 -> 1 -> 3)"
306,293,DELIVERED,-1,-1,3,-1,"Packet 293 delivered at node 3 (path: 0 -> 1 -> 3)"
307,294,DELIVERED,-1,-1,3,-1,"Packet 294 delivered at node 3 (path: 0 -> 1 -> 3)"
308,295,DELIVERED,-1,-1,3,-1,"Packet 295 delivered at node 3 (path: 0 -> 1 -> 3)"
309,296,DELIVERED,-1,-1,3,-1,"Packet 296 delivered at node 3 (path: 0 -> 1 -> 3)"
310,297,DELIVERED,-1,-1,3,-1,"Packet 297 delivered at node 3 (path: 0 -> 1 -> 3)"
311,298,DELIVERED,-1,-1,3,-1,"Packet 298 delivered at node 3 (path: 0 -> 1 -> 3)"
312,299,DELIVERED,-1,-1,3,-1,"Packet 299 delivered at node 3 (path: 0 -> 1 -> 3)"
313,300,DELIVERED,-1,-1,3,-1,"Packet 300 delivered at node 3 (path: 0 -> 1 -> 3)"
314,301,DELIVERED,-1,-1,3,-1,"Packet 301 delivered at node 3 (path: 0 -> 1 -> 3)"
315,302,DELIVERED,-1,-1,3,-1,"Packet 302 delivered at node 3 (path: 0 -> 1 -> 3)"
316,303,DELIVERED,-1,-1,3,-1,"Packet 303 delivered at node 3 (path: 0 -> 1 -> 3)"
317,304,DELIVERED,-1,-1,3,-1,"Packet 304 delivered at node 3 (path: 0 -> 1 -> 3)"
318,305,DELIVERED,-1,-1,3,-1,"Packet 305 delivered at node 3 (path: 0 -> 1 -> 3)"
319,306,DELIVERED,-1,-1,3,-1,"Packet 306 delivered at node 3 (path: 0 -> 1 -> 3)"
320,307,DELIVERED,-1,-1,3,-1,"Packet 307 delivered at node 3 (path: 0 -> 1 -> 3)"
321,308,DELIVERED,-1,-1,3,-1,"Packet 308 delivered at node 3 (path: 0 -> 1 -> 3)"
322,309,DELIVERED,-1,-1,3,-1,"Packet 309 delivered at node 3 (path: 0 -> 1 -> 3)"
323,310,DELIVERED,-1,-1,3,-1,"Packet 310 delivered at node 3 (path: 0 -> 1 -> 3)"
324,311,DELIVERED,-1,-1,3,-1,"Packet 311 delivered at node 3 (path: 0 -> 1 -> 3)"
325,312,DELIVERED,-1,-1,3,-1,"Packet 312 delivered at node 3 (path: 0 -> 1 -> 3)"
326,313,DELIVERED,-1,-1,3,-1,"Packet 313 delivered at node 3 (path: 0 -> 1 -> 3)"
327,314,DELIVERED,-1,-1,3,-1,"Packet 314 delivered at node 3 (path: 0 -> 1 -> 3)"
328,315,DELIVERED,-1,-1,3,-1,"Packet 315 delivered at node 3 (path: 0 -> 1 -> 3)"
329,316,DELIVERED,-1,-1,3,-1,"Packet 316 delivered at node 3 (path: 0 -> 1 -> 3)"
330,317,DELIVERED,-1,-1,3,-1,"Packet 317 delivered at node 3 (path: 0 -> 1 -> 3)"
331,318,DELIVERED,-1,-1,3,-1,"Packet 318 delivered at node 3 (path: 0 -> 1 -> 3)"
332,319,DELIVERED,-1,-1,3,-1,"Packet 319 delivered at node 3 (path: 0 -> 1 -> 3)"
333,320,DELIVERED,-1,-1,3,-1,"Packet 320 delivered at node 3 (path: 0 -> 1 -> 3)"
334,321,DELIVERED,-1,-1,3,-1,"Packet 321 delivered at node 3 (path: 0 -> 1 -> 3)"
335,322,DELIVERED,-1,-1,3,-1,"Packet 322 delivered at node 3 (path: 0 -> 1 -> 3)"
336,323,DELIVERED,-1,-1,3,-1,"Packet 323 delivered at node 3 (path: 0 -> 1 -> 3)"
337,324,DELIVERED,-1,-1,3,-1,"Packet 324 delivered at node 3 (path: 0 -> 1 -> 3)"
338,325,DELIVERED,-1,-1,3,-1,"Packet 325 delivered at node 3 (path: 0 -> 1 -> 3)"
339,326,DELIVERED,-1,-1,3,-1,"Packet 326 delivered at node 3 (path: 0 -> 1 -> 3)"
340,327,DELIVERED,-1,-1,3,-1,"Packet 327 delivered at node 3 (path: 0 -> 1 -> 3)"
341,328,DELIVERED,-1,-1,3,-1,"Packet 328 delivered at node 3 (path: 0 -> 1 -> 3)"
342,329,DELIVERED,-1,-1,3,-1,"Packet 329 delivered at node 3 (path: 0 -> 1 -> 3)"
343,330,DELIVERED,-1,-1,3,-1,"Packet 330 delivered at node 3 (path: 0 -> 1 -> 3)"
344,331,DELIVERED,-1,-1,3,-1,"Packet 331 delivered at node 3 (path: 0 -> 1 -> 3)"
345,332,DELIVERED,-1,-1,3,-1,"Packet 332 delivered at node 3 (path: 0 -> 1 -> 3)"
346,333,DELIVERED,-1,-1,3,-1,"Packet 333 delivered at node 3 (path: 0 -> 1 -> 3)"
347,334,DELIVERED,-1,-1,3,-1,"Packet 334 delivered at node 3 (path: 0 -> 1 -> 3)"
348,335,DELIVERED,-1,-1,3,-1,"Packet 335 delivered at node 3 (path: 0 -> 1 -> 3)"
349,336,DELIVERED,-1,-1,3,-1,"Packet 336 delivered at node 3 (path: 0 -> 1 -> 3)"
350,337,DELIVERED,-1,-1,3,-1,"Packet 337 delivered at node 3 (path: 0 -> 1 -> 3)"
351,338,DELIVERED,-1,-1,3,-1,"Packet 338 delivered at node 3 (path: 0 -> 1 -> 3)"
352,339,DELIVERED,-1,-1,3,-1,"Packet 339 delivered at node 3 (path: 0 -> 1 -> 3)"
353,340,DELIVERED,-1,-1,3,-1,"Packet 340 delivered at node 3 (path: 0 -> 1 -> 3)"
354,341,DELIVERED,-1,-1,3,-1,"Packet 341 delivered at node 3 (path: 0 -> 1 -> 3)"
355,342,DELIVERED,-1,-1,3,-1,"Packet 342 delivered at node 3 (path: 0 -> 1 -> 3)"
356,343,DELIVERED,-1,-1,3,-1,"Packet 343 delivered at node 3 (path: 0 -> 1 -> 3)"
357,344,DELIVERED,-1,-1,3,-1,"Packet 344 delivered at node 3 (path: 0 -> 1 -> 3)"
358,345,DELIVERED,-1,-1,3,-1,"Packet 345 delivered at node 3 (path: 0 -> 1 -> 3)"
359,346,DELIVERED,-1,-1,3,-1,"Packet 346 delivered at node 3 (path: 0 -> 1 -> 3)"
360,347,DELIVERED,-1,-1,3,-1,"Packet 347 delivered at node 3 (path: 0 -> 1 -> 3)"
361,348,DELIVERED,-1,-1,3,-1,"Packet 348 delivered at node 3 (path: 0 -> 1 -> 3)"
362,349,DELIVERED,-1,-1,3,-1,"Packet 349 delivered at node 3 (path: 0 -> 1 -> 3)"
363,350,DELIVERED,-1,-1,3,-1,"Packet 350 delivered at node 3 (path: 0 -> 1 -> 3)"
364,351,DELIVERED,-1,-1,3,-1,"Packet 351 delivered at node 3 (path: 0 -> 1 -> 3)"
365,352,DELIVERED,-1,-1,3,-1,"Packet 352 delivered at node 3 (path: 0 -> 1 -> 3)"
366,353,DELIVERED,-1,-1,3,-1,"Packet 353 delivered at node 3 (path: 0 -> 1 -> 3)"
367,354,DELIVERED,-1,-1,3,-1,"Packet 354 delivered at node 3 (path: 0 -> 1 -> 3)"
368,355,DELIVERED,-1,-1,3,-1,"Packet 355 delivered at node 3 (path: 0 -> 1 -> 3)"
369,356,DELIVERED,-1,-1,3,-1,"Packet 356 delivered at node 3 (path: 0 -> 1 -> 3)"
370,357,DELIVERED,-1,-1,3,-1,"Packet 357 delivered at node 3 (path: 0 -> 1 -> 3)"
371,358,DELIVERED,-1,-1,3,-1,"Packet 358 delivered at node 3 (path: 0 -> 1 -> 3)"
372,359,DELIVERED,-1,-1,3,-1,"Packet 359 delivered at node 3 (path: 0 -> 1 -> 3)"
373,360,DELIVERED,-1,-1,3,-1,"Packet 360 delivered at node 3 (path: 0 -> 1 -> 3)"
374,361,DELIVERED,-1,-1,3,-1,"Packet 361 delivered at node 3 (path: 0 -> 1 -> 3)"
375,362,DELIVERED,-1,-1,3,-1,"Packet 362 delivered at node 3 (path: 0 -> 1 -> 3)"
376,363,DELIVERED,-1,-1,3,-1,"Packet 363 delivered at node 3 (path: 0 -> 1 -> 3)"
377,364,DELIVERED,-1,-1,3,-1,"Packet 364 delivered at node 3 (path: 0 -> 1 -> 3)"
378,365,DELIVERED,-1,-1,3,-1,"Packet 365 delivered at node 3 (path: 0 -> 1 -> 3)"
379,366,DELIVERED,-1,-1,3,-1,"Packet 366 delivered at node 3 (path: 0 -> 1 -> 3)"
380,367,DELIVERED,-1,-1,3,-1,"Packet 367 delivered at node 3 (path: 0 -> 1 -> 3)"
381,368,DELIVERED,-1,-1,3,-1,"Packet 368 delivered at node 3 (path: 0 -> 1 -> 3)"
382,369,DELIVERED,-1,-1,3,-1,"Packet 369 delivered at node 3 (path: 0 -> 1 -> 3)"
383,370,DELIVERED,-1,-1,3,-1,"Packet 370 delivered at node 3 (path: 0 -> 1 -> 3)"
384,371,DELIVERED,-1,-1,3,-1,"Packet 371 delivered at node 3 (path: 0 -> 1 -> 3)"
385,372,DELIVERED,-1,-1,3,-1,"Packet 372 delivered at node 3 (path: 0 -> 1 -> 3)"
386,373,DELIVERED,-1,-1,3,-1,"Packet 373 delivered at node 3 (path: 0 -> 1 -> 3)"
387,374,DELIVERED,-1,-1,3,-1,"Packet 374 delivered at node 3 (path: 0 -> 1 -> 3)"
388,375,DELIVERED,-1,-1,3,-1,"Packet 375 delivered at node 3 (path: 0 -> 1 -> 3)"
389,376,DELIVERED,-1,-1,3,-1,"Packet 376 delivered at node 3 (path: 0 -> 1 -> 3)"
390,377,DELIVERED,-1,-1,3,-1,"Packet 377 delivered at node 3 (path: 0 -> 1 -> 3)"
391,378,DELIVERED,-1,-1,3,-1,"Packet 378 delivered at node 3 (path: 0 -> 1 -> 3)"
392,379,DELIVERED,-1,-1,3,-1,"Packet 379 delivered at node 3 (path: 0 -> 1 -> 3)"
393,380,DELIVERED,-1,-1,3,-1,"Packet 380 delivered at node 3 (path: 0 -> 1 -> 3)"
394,381,DELIVERED,-1,-1,3,-1,"Packet 381 delivered at node 3 (path: 0 -> 1 -> 3)"
395,382,DELIVERED,-1,-1,3,-1,"Packet 382 delivered at node 3 (path: 0 -> 1 -> 3)"
396,383,DELIVERED,-1,-1,3,-1,"Packet 383 delivered at node 3 (path: 0 -> 1 -> 3)"
397,384,DELIVERED,-1,-1,3,-1,"Packet 384 delivered at node 3 (path: 0 -> 1 -> 3)"
398,385,DELIVERED,-1,-1,3,-1,"Packet 385 delivered at node 3 (path: 0 -> 1 -> 3)"
399,386,DELIVERED,-1,-1,3,-1,"Packet 386 delivered at node 3 (path: 0 -> 1 -> 3)"
400,387,DELIVERED,-1,-1,3,-1,"Packet 387 delivered at node 3 (path: 0 -> 1 -> 3)"
401,388,DELIVERED,-1,-1,3,-1,"Packet 388 delivered at node 3 (path: 0 -> 1 -> 3)"
402,389,DELIVERED,-1,-1,3,-1,"Packet 389 delivered at node 3 (path: 0 -> 1 -> 3)"
403,390,DELIVERED,-1,-1,3,-1,"Packet 390 delivered at node 3 (path: 0 -> 1 -> 3)"
404,391,DELIVERED,-1,-1,3,-1,"Packet 391 delivered at node 3 (path: 0 -> 1 -> 3)"
405,392,DELIVERED,-1,-1,3,-1,"Packet 392 delivered at node 3 (path: 0 -> 1 -> 3)"
406,393,DELIVERED,-1,-1,3,-1,"Packet 393 delivered at node 3 (path: 0 -> 1 -> 3)"
407,394,DELIVERED,-1,-1,3,-1,"Packet 394 delivered at node 3 (path: 0 -> 1 -> 3)"
408,395,DELIVERED,-1,-1,3,-1,"Packet 395 delivered at node 3 (path: 0 -> 1 -> 3)"
409,396,DELIVERED,-1,-1,3,-1,"Packet 396 delivered at node 3 (path: 0 -> 1 -> 3)"
410,397,DELIVERED,-1,-1,3,-1,"Packet 397 delivered at node 3 (path: 0 -> 1 -> 3)"
411,398,DELIVERED,-1,-1,3,-1,"Packet 398 delivered at node 3 (path: 0 -> 1 -> 3)"
412,399,DELIVERED,-1,-1,3,-1,"Packet 399 delivered at node 3 (path: 0 -> 1 -> 3)"
413,400,DELIVERED,-1,-1,3,-1,"Packet 400 delivered at node 3 (path: 0 -> 1 -> 3)"
414,401,DELIVERED,-1,-1,3,-1,"Packet 401 delivered at node 3 (path: 0 -> 1 -> 3)"
415,402,DELIVERED,-1,-1,3,-1,"Packet 402 delivered at node 3 (path: 0 -> 1 -> 3)"
416,403,DELIVERED,-1,-1,3,-1,"Packet 403 delivered at node 3 (path: 0 -> 1 -> 3)"
417,404,DELIVERED,-1,-1,3,-1,"Packet 404 delivered at node 3 (path: 0 -> 1 -> 3)"
418,405,DELIVERED,-1,-1,3,-1,"Packet 405 delivered at node 3 (path: 0 -> 1 -> 3)"
419,406,DELIVERED,-1,-1,3,-1,"Packet 406 delivered at node 3 (path: 0 -> 1 -> 3)"
420,407,DELIVERED,-1,-1,3,-1,"Packet 407 delivered at node 3 (path: 0 -> 1 -> 3)"
421,408,DELIVERED,-1,-1,3,-1,"Packet 408 delivered at node 3 (path: 0 -> 1 -> 3)"
422,409,DELIVERED,-1,-1,3,-1,"Packet 409 delivered at node 3 (path: 0 -> 1 -> 3)"
423,410,DELIVERED,-1,-1,3,-1,"Packet 410 delivered at node 3 (path: 0 -> 1 -> 3)"
424,411,DELIVERED,-1,-1,3,-1,"Packet 411 delivered at node 3 (path: 0 -> 1 -> 3)"
425,412,DELIVERED,-1,-1,3,-1,"Packet 412 delivered at node 3 (path: 0 -> 1 -> 3)"
426,413,DELIVERED,-1,-1,3,-1,"Packet 413 delivered at node 3 (path: 0 -> 1 -> 3)"
427,414,DELIVERED,-1,-1,3,-1,"Packet 414 delivered at node 3 (path: 0 -> 1 -> 3)"
428,415,DELIVERED,-1,-1,3,-1,"Packet 415 delivered at node 3 (path: 0 -> 1 -> 3)"
429,416,DELIVERED,-1,-1,3,-1,"Packet 416 delivered at node 3 (path: 0 -> 1 -> 3)"
430,417,DELIVERED,-1,-1,3,-1,"Packet 417 delivered at node 3 (path: 0 -> 1 -> 3)"
431,418,DELIVERED,-1,-1,3,-1,"Packet 418 delivered at node 3 (path: 0 -> 1 -> 3)"
432,419,DELIVERED,-1,-1,3,-1,"Packet 419 delivered at node 3 (path: 0 -> 1 -> 3)"
433,420,DELIVERED,-1,-1,3,-1,"Packet 420 delivered at node 3 (path: 0 -> 1 -> 3)"
434,421,DELIVERED,-1,-1,3,-1,"Packet 421 delivered at node 3 (path: 0 -> 1 -> 3)"
435,422,DELIVERED,-1,-1,3,-1,"Packet 422 delivered at node 3 (path: 0 -> 1 -> 3)"
436,423,DELIVERED,-1,-1,3,-1,"Packet 423 delivered at node 3 (path: 0 -> 1 -> 3)"
437,424,DELIVERED,-1,-1,3,-1,"Packet 424 delivered at node 3 (path: 0 -> 1 -> 3)"
438,425,DELIVERED,-1,-1,3,-1,"Packet 425 delivered at node 3 (path: 0 -> 1 -> 3)"
439,426,DELIVERED,-1,-1,3,-1,"Packet 426 delivered at node 3 (path: 0 -> 1 -> 3)"
440,427,DELIVERED,-1,-1,3,-1,"Packet 427 delivered at node 3 (path: 0 -> 1 -> 3)"
441,428,DELIVERED,-1,-1,3,-1,"Packet 428 delivered at node 3 (path: 0 -> 1 -> 3)"
442,429,DELIVERED,-1,-1,3,-1,"Packet 429 delivered at node 3 (path: 0 -> 1 -> 3)"
443,430,DELIVERED,-1,-1,3,-1,"Packet 430 delivered at node 3 (path: 0 -> 1 -> 3)"
444,431,DELIVERED,-1,-1,3,-1,"Packet 431 delivered at node 3 (path: 0 -> 1 -> 3)"
445,432,DELIVERED,-1,-1,3,-1,"Packet 432 delivered at node 3 (path: 0 -> 1 -> 3)"
446,433,DELIVERED,-1,-1,3,-1,"Packet 433 delivered at node 3 (path: 0 -> 1 -> 3)"
447,434,DELIVERED,-1,-1,3,-1,"Packet 434 delivered at node 3 (path: 0 -> 1 -> 3)"
448,435,DELIVERED,-1,-1,3,-1,"Packet 435 delivered at node 3 (path: 0 -> 1 -> 3)"
449,436,DELIVERED,-1,-1,3,-1,"Packet 436 delivered at node 3 (path: 0 -> 1 -> 3)"
450,437,DELIVERED,-1,-1,3,-1,"Packet 437 delivered at node 3 (path: 0 -> 1 -> 3)"
451,438,DELIVERED,-1,-1,3,-1,"Packet 438 delivered at node 3 (path: 0 -> 1 -> 3)"
452,439,DELIVERED,-1,-1,3,-1,"Packet 439 delivered at node 3 (path: 0 -> 1 -> 3)"
453,440,DELIVERED,-1,-1,3,-1,"Packet 440 delivered at node 3 (path: 0 -> 1 -> 3)"
454,441,DELIVERED,-1,-1,3,-1,"Packet 441 delivered at node 3 (path: 0 -> 1 -> 3)"
455,442,DELIVERED,-1,-1,3,-1,"Packet 442 delivered at node 3 (path: 0 -> 1 -> 3)"
456,443,DELIVERED,-1,-1,3,-1,"Packet 443 delivered at node 3 (path: 0 -> 1 -> 3)"
457,444,DELIVERED,-1,-1,3,-1,"Packet 444 delivered at node 3 (path: 0 -> 1 -> 3)"
458,445,DELIVERED,-1,-1,3,-1,"Packet 445 delivered at node 3 (path: 0 -> 1 -> 3)"
459,446,DELIVERED,-1,-1,3,-1,"Packet 446 delivered at node 3 (path: 0 -> 1 -> 3)"
460,447,DELIVERED,-1,-1,3,-1,"Packet 447 delivered at node 3 (path: 0 -> 1 -> 3)"
461,448,DELIVERED,-1,-1,3,-1,"Packet 448 delivered at node 3 (path: 0 -> 1 -> 3)"
462,449,DELIVERED,-1,-1,3,-1,"Packet 449 delivered at node 3 (path: 0 -> 1 -> 3)"
463,450,DELIVERED,-1,-1,3,-1,"Packet 450 delivered at node 3 (path: 0 -> 1 -> 3)"
464,451,DELIVERED,-1,-1,3,-1,"Packet 451 delivered at node 3 (path: 0 -> 1 -> 3)"
465,452,DELIVERED,-1,-1,3,-1,"Packet 452 delivered at node 3 (path: 0 -> 1 -> 3)"
466,453,DELIVERED,-1,-1,3,-1,"Packet 453 delivered at node 3 (path: 0 -> 1 -> 3)"
467,454,DELIVERED,-1,-1,3,-1,"Packet 454 delivered at node 3 (path: 0 -> 1 -> 3)"
468,455,DELIVERED,-1,-1,3,-1,"Packet 455 delivered at node 3 (path: 0 -> 1 -> 3)"
469,456,DELIVERED,-1,-1,3,-1,"Packet 456 delivered at node 3 (path: 0 -> 1 -> 3)"
470,457,DELIVERED,-1,-1,3,-1,"Packet 457 delivered at node 3 (path: 0 -> 1 -> 3)"
471,458,DELIVERED,-1,-1,3,-1,"Packet 458 delivered at node 3 (path: 0 -> 1 -> 3)"
472,459,DELIVERED,-1,-1,3,-1,"Packet 459 delivered at node 3 (path: 0 -> 1 -> 3)"
473,460,DELIVERED,-1,-1,3,-1,"Packet 460 delivered at node 3 (path: 0 -> 1 -> 3)"
474,461,DELIVERED,-1,-1,3,-1,"Packet 461 delivered at node 3 (path: 0 -> 1 -> 3)"
475,462,DELIVERED,-1,-1,3,-1,"Packet 462 delivered at node 3 (path: 0 -> 1 -> 3)"
476,463,DELIVERED,-1,-1,3,-1,"Packet 463 delivered at node 3 (path: 0 -> 1 -> 3)"
477,464,DELIVERED,-1,-1,3,-1,"Packet 464 delivered at node 3 (path: 0 -> 1 -> 3)"
478,465,DELIVERED,-1,-1,3,-1,"Packet 465 delivered at node 3 (path: 0 -> 1 -> 3)"
479,466,DELIVERED,-1,-1,3,-1,"Packet 466 delivered at node 3 (path: 0 -> 1 -> 3)"
480,467,DELIVERED,-1,-1,3,-1,"Packet 467 delivered at node 3 (path: 0 -> 1 -> 3)"
481,468,DELIVERED,-1,-1,3,-1,"Packet 468 delivered at node 3 (path: 0 -> 1 -> 3)"
482,469,DELIVERED,-1,-1,3,-1,"Packet 469 delivered at node 3 (path: 0 -> 1 -> 3)"
483,470,DELIVERED,-1,-1,3,-1,"Packet 470 delivered at node 3 (path: 0 -> 1 -> 3)"
484,471,DELIVERED,-1,-1,3,-1,"Packet 471 delivered at node 3 (path: 0 -> 1 -> 3)"
485,472,DELIVERED,-1,-1,3,-1,"Packet 472 delivered at node 3 (path: 0 -> 1 -> 3)"
486,473,DELIVERED,-1,-1,3,-1,"Packet 473 delivered at node 3 (path: 0 -> 1 -> 3)"
487,474,DELIVERED,-1,-1,3,-1,"Packet 474 delivered at node 3 (path: 0 -> 1 -> 3)"
488,475,DELIVERED,-1,-1,3,-1,"Packet 475 delivered at node 3 (path: 0 -> 1 -> 3)"
489,476,DELIVERED,-1,-1,3,-1,"Packet 476 delivered at node 3 (path: 0 -> 1 -> 3)"
490,477,DELIVERED,-1,-1,3,-1,"Packet 477 delivered at node 3 (path: 0 -> 1 -> 3)"
491,478,DELIVERED,-1,-1,3,-1,"Packet 478 delivered at node 3 (path: 0 -> 1 -> 3)"
492,479,DELIVERED,-1,-1,3,-1,"Packet 479 delivered at node 3 (path: 0 -> 1 -> 3)"
493,480,DELIVERED,-1,-1,3,-1,"Packet 480 delivered at node 3 (path: 0 -> 1 -> 3)"
494,481,DELIVERED,-1,-1,3,-1,"Packet 481 delivered at node 3 (path: 0 -> 1 -> 3)"
495,482,DELIVERED,-1,-1,3,-1,"Packet 482 delivered at node 3 (path: 0 -> 1 -> 3)"
496,483,DELIVERED,-1,-1,3,-1,"Packet 483 delivered at node 3 (path: 0 -> 1 -> 3)"
497,484,DELIVERED,-1,-1,3,-1,"Packet 484 delivered at node 3 (path: 0 -> 1 -> 3)"
498,485,DELIVERED,-1,-1,3,-1,"Packet 485 delivered at node 3 (path: 0 -> 1 -> 3)"
499,486,DELIVERED,-1,-1,3,-1,"Packet 486 delivered at node 3 (path: 0 -> 1 -> 3)"
500,487,DELIVERED,-1,-1,3,-1,"Packet 487 delivered at node 3 (path: 0 -> 1 -> 3)"
501,488,DELIVERED,-1,-1,3,-1,"Packet 488 delivered at node 3 (path: 0 -> 1 -> 3)"
502,489,DELIVERED,-1,-1,3,-1,"Packet 489 delivered at node 3 (path: 0 -> 1 -> 3)"
503,490,DELIVERED,-1,-1,3,-1,"Packet 490 delivered at node 3 (path: 0 -> 1 -> 3)"
504,491,DELIVERED,-1,-1,3,-1,"Packet 491 delivered at node 3 (path: 0 -> 1 -> 3)"
505,492,DELIVERED,-1,-1,3,-1,"Packet 492 delivered at node 3 (path: 0 -> 1 -> 3)"
506,493,DELIVERED,-1,-1,3,-1,"Packet 493 delivered at node 3 (path: 0 -> 1 -> 3)"
507,494,DELIVERED,-1,-1,3,-1,"Packet 494 delivered at node 3 (path: 0 -> 1 -> 3)"
508,495,DELIVERED,-1,-1,3,-1,"Packet 495 delivered at node 3 (path: 0 -> 1 -> 3)"
509,496,DELIVERED,-1,-1,3,-1,"Packet 496 delivered at node 3 (path: 0 -> 1 -> 3)"
510,497,DELIVERED,-1,-1,3,-1,"Packet 497 delivered at node 3 (path: 0 -> 1 -> 3)"
511,498,DELIVERED,-1,-1,3,-1,"Packet 498 delivered at node 3 (path: 0 -> 1 -> 3)"
512,499,DELIVERED,-1,-1,3,-1,"Packet 499 delivered at node 3 (path: 0 -> 1 -> 3)"
513,500,DELIVERED,-1,-1,3,-1,"Packet 500 delivered at node 3 (path: 0 -> 1 -> 3)"
514,501,DELIVERED,-1,-1,3,-1,"Packet 501 delivered at node 3 (path: 0 -> 1 -> 3)"
515,502,DELIVERED,-1,-1,3,-1,"Packet 502 delivered at node 3 (path: 0 -> 1 -> 3)"
516,503,DELIVERED,-1,-1,3,-1,"Packet 503 delivered at node 3 (path: 0 -> 1 -> 3)"
517,504,DELIVERED,-1,-1,3,-1,"Packet 504 delivered at node 3 (path: 0 -> 1 -> 3)"
518,505,DELIVERED,-1,-1,3,-1,"Packet 505 delivered at node 3 (path: 0 -> 1 -> 3)"
519,506,DELIVERED,-1,-1,3,-1,"Packet 506 delivered at node 3 (path: 0 -> 1 -> 3)"
520,507,DELIVERED,-1,-1,3,-1,"Packet 507 delivered at node 3 (path: 0 -> 1 -> 3)"
521,508,DELIVERED,-1,-1,3,-1,"Packet 508 delivered at node 3 (path: 0 -> 1 -> 3)"
522,509,DELIVERED,-1,-1,3,-1,"Packet 509 delivered at node 3 (path: 0 -> 1 -> 3)"
523,510,DELIVERED,-1,-1,3,-1,"Packet 510 delivered at node 3 (path: 0 -> 1 -> 3)"
524,511,DELIVERED,-1,-1,3,-1,"Packet 511 delivered at node 3 (path: 0 -> 1 -> 3)"
525,512,DELIVERED,-1,-1,3,-1,"Packet 512 delivered at node 3 (path: 0 -> 1 -> 3)"
526,513,DELIVERED,-1,-1,3,-1,"Packet 513 delivered at node 3 (path: 0 -> 1 -> 3)"
527,514,DELIVERED,-1,-1,3,-1,"Packet 514 delivered at node 3 (path: 0 -> 1 -> 3)"
528,515,DELIVERED,-1,-1,3,-1,"Packet 515 delivered at node 3 (path: 0 -> 1 -> 3)"
529,516,DELIVERED,-1,-1,3,-1,"Packet 516 delivered at node 3 (path: 0 -> 1 -> 3)"
530,517,DELIVERED,-1,-1,3,-1,"Packet 517 delivered at node 3 (path: 0 -> 1 -> 3)"
531,518,DELIVERED,-1,-1,3,-1,"Packet 518 delivered at node 3 (path: 0 -> 1 -> 3)"
532,519,DELIVERED,-1,-1,3,-1,"Packet 519 delivered at node 3 (path: 0 -> 1 -> 3)"
533,520,DELIVERED,-1,-1,3,-1,"Packet 520 delivered at node 3 (path: 0 -> 1 -> 3)"
534,521,DELIVERED,-1,-1,3,-1,"Packet 521 delivered at node 3 (path: 0 -> 1 -> 3)"
535,522,DELIVERED,-1,-1,3,-1,"Packet 522 delivered at node 3 (path: 0 -> 1 -> 3)"
536,523,DELIVERED,-1,-1,3,-1,"Packet 523 delivered at node 3 (path: 0 -> 1 -> 3)"
537,524,DELIVERED,-1,-1,3,-1,"Packet 524 delivered at node 3 (path: 0 -> 1 -> 3)"
538,525,DELIVERED,-1,-1,3,-1,"Packet 525 delivered at node 3 (path: 0 -> 1 -> 3)"
539,526,DELIVERED,-1,-1,3,-1,"Packet 526 delivered at node 3 (path: 0 -> 1 -> 3)"
540,527,DELIVERED,-1,-1,3,-1,"Packet 527 delivered at node 3 (path: 0 -> 1 -> 3)"
541,528,DELIVERED,-1,-1,3,-1,"Packet 528 delivered at node 3 (path: 0 -> 1 -> 3)"
542,529,DELIVERED,-1,-1,3,-1,"Packet 529 delivered at node 3 (path: 0 -> 1 -> 3)"
543,530,DELIVERED,-1,-1,3,-1,"Packet 530 delivered at node 3 (path: 0 -> 1 -> 3)"
544,531,DELIVERED,-1,-1,3,-1,"Packet 531 delivered at node 3 (path: 0 -> 1 -> 3)"
545,532,DELIVERED,-1,-1,3,-1,"Packet 532 delivered at node 3 (path: 0 -> 1 -> 3)"
546,533,DELIVERED,-1,-1,3,-1,"Packet 533 delivered at node 3 (path: 0 -> 1 -> 3)"
547,534,DELIVERED,-1,-1,3,-1,"Packet 534 delivered at node 3 (path: 0 -> 1 -> 3)"
548,535,DELIVERED,-1,-1,3,-1,"Packet 535 delivered at node 3 (path: 0 -> 1 -> 3)"
549,536,DELIVERED,-1,-1,3,-1,"Packet 536 delivered at node 3 (path: 0 -> 1 -> 3)"
550,537,DELIVERED,-1,-1,3,-1,"Packet 537 delivered at node 3 (path: 0 -> 1 -> 3)"
551,538,DELIVERED,-1,-1,3,-1,"Packet 538 delivered at node 3 (path: 0 -> 1 -> 3)"
552,539,DELIVERED,-1,-1,3,-1,"Packet 539 delivered at node 3 (path: 0 -> 1 -> 3)"
553,540,DELIVERED,-1,-1,3,-1,"Packet 540 delivered at node 3 (path: 0 -> 1 -> 3)"
554,541,DELIVERED,-1,-1,3,-1,"Packet 541 delivered at node 3 (path: 0 -> 1 -> 3)"
555,542,DELIVERED,-1,-1,3,-1,"Packet 542 delivered at node 3 (path: 0 -> 1 -> 3)"
556,543,DELIVERED,-1,-1,3,-1,"Packet 543 delivered at node 3 (path: 0 -> 1 -> 3)"
557,544,DELIVERED,-1,-1,3,-1,"Packet 544 delivered at node 3 (path: 0 -> 1 -> 3)"
558,545,DELIVERED,-1,-1,3,-1,"Packet 545 delivered at node 3 (path: 0 -> 1 -> 3)"
559,546,DELIVERED,-1,-1,3,-1,"Packet 546 delivered at node 3 (path: 0 -> 1 -> 3)"
560,547,DELIVERED,-1,-1,3,-1,"Packet 547 delivered at node 3 (path: 0 -> 1 -> 3)"
561,548,DELIVERED,-1,-1,3,-1,"Packet 548 delivered at node 3 (path: 0 -> 1 -> 3)"
562,549,DELIVERED,-1,-1,3,-1,"Packet 549 delivered at node 3 (path: 0 -> 1 -> 3)"
563,550,DELIVERED,-1,-1,3,-1,"Packet 550 delivered at node 3 (path: 0 -> 1 -> 3)"
564,551,DELIVERED,-1,-1,3,-1,"Packet 551 delivered at node 3 (path: 0 -> 1 -> 3)"
565,552,DELIVERED,-1,-1,3,-1,"Packet 552 delivered at node 3 (path: 0 -> 1 -> 3)"
566,553,DELIVERED,-1,-1,3,-1,"Packet 553 delivered at node 3 (path: 0 -> 1 -> 3)"
567,554,DELIVERED,-1,-1,3,-1,"Packet 554 delivered at node 3 (path: 0 -> 1 -> 3)"
568,555,DELIVERED,-1,-1,3,-1,"Packet 555 delivered at node 3 (path: 0 -> 1 -> 3)"
569,556,DELIVERED,-1,-1,3,-1,"Packet 556 delivered at node 3 (path: 0 -> 1 -> 3)"
570,557,DELIVERED,-1,-1,3,-1,"Packet 557 delivered at node 3 (path: 0 -> 1 -> 3)"
571,558,DELIVERED,-1,-1,3,-1,"Packet 558 delivered at node 3 (path: 0 -> 1 -> 3)"
572,559,DELIVERED,-1,-1,3,-1,"Packet 559 delivered at node 3 (path: 0 -> 1 -> 3)"
573,560,DELIVERED,-1,-1,3,-1,"Packet 560 delivered at node 3 (path: 0 -> 1 -> 3)"
574,561,DELIVERED,-1,-1,3,-1,"Packet 561 delivered at node 3 (path: 0 -> 1 -> 3)"
575,562,DELIVERED,-1,-1,3,-1,"Packet 562 delivered at node 3 (path: 0 -> 1 -> 3)"
576,563,DELIVERED,-1,-1,3,-1,"Packet 563 delivered at node 3 (path: 0 -> 1 -> 3)"
577,564,DELIVERED,-1,-1,3,-1,"Packet 564 delivered at node 3 (path: 0 -> 1 -> 3)"
578,565,DELIVERED,-1,-1,3,-1,"Packet 565 delivered at node 3 (path: 0 -> 1 -> 3)"
579,566,DELIVERED,-1,-1,3,-1,"Packet 566 delivered at node 3 (path: 0 -> 1 -> 3)"
580,567,DELIVERED,-1,-1,3,-1,"Packet 567 delivered at node 3 (path: 0 -> 1 -> 3)"
581,568,DELIVERED,-1,-1,3,-1,"Packet 568 delivered at node 3 (path: 0 -> 1 -> 3)"
582,569,DELIVERED,-1,-1,3,-1,"Packet 569 delivered at node 3 (path: 0 -> 1 -> 3)"
583,570,DELIVERED,-1,-1,3,-1,"Packet 570 delivered at node 3 (path: 0 -> 1 -> 3)"
584,571,DELIVERED,-1,-1,3,-1,"Packet 571 delivered at node 3 (path: 0 -> 1 -> 3)"
585,572,DELIVERED,-1,-1,3,-1,"Packet 572 delivered at node 3 (path: 0 -> 1 -> 3)"
586,573,DELIVERED,-1,-1,3,-1,"Packet 573 delivered at node 3 (path: 0 -> 1 -> 3)"
587,574,DELIVERED,-1,-1,3,-1,"Packet 574 delivered at node 3 (path: 0 -> 1 -> 3)"
588,575,DELIVERED,-1,-1,3,-1,"Packet 575 delivered at node 3 (path: 0 -> 1 -> 3)"
589,576,DELIVERED,-1,-1,3,-1,"Packet 576 delivered at node 3 (path: 0 -> 1 -> 3)"
590,577,DELIVERED,-1,-1,3,-1,"Packet 577 delivered at node 3 (path: 0 -> 1 -> 3)"
591,578,DELIVERED,-1,-1,3,-1,"Packet 578 delivered at node 3 (path: 0 -> 1 -> 3)"
592,579,DELIVERED,-1,-1,3,-1,"Packet 579 delivered at node 3 (path: 0 -> 1 -> 3)"
593,580,DELIVERED,-1,-1,3,-1,"Packet 580 delivered at node 3 (path: 0 -> 1 -> 3)"
594,581,DELIVERED,-1,-1,3,-1,"Packet 581 delivered at node 3 (path: 0 -> 1 -> 3)"
595,582,DELIVERED,-1,-1,3,-1,"Packet 582 delivered at node 3 (path: 0 -> 1 -> 3)"
596,583,DELIVERED,-1,-1,3,-1,"Packet 583 delivered at node 3 (path: 0 -> 1 -> 3)"
597,584,DELIVERED,-1,-1,3,-1,"Packet 584 delivered at node 3 (path: 0 -> 1 -> 3)"
598,585,DELIVERED,-1,-1,3,-1,"Packet 585 delivered at node 3 (path: 0 -> 1 -> 3)"
599,586,DELIVERED,-1,-1,3,-1,"Packet 586 delivered at node 3 (path: 0 -> 1 -> 3)"
600,587,DELIVERED,-1,-1,3,-1,"Packet 587 delivered at node 3 (path: 0 -> 1 -> 3)"
601,588,DELIVERED,-1,-1,3,-1,"Packet 588 delivered at node 3 (path: 0 -> 1 -> 3)"
602,589,DELIVERED,-1,-1,3,-1,"Packet 589 delivered at node 3 (path: 0 -> 1 -> 3)"
603,590,DELIVERED,-1,-1,3,-1,"Packet 590 delivered at node 3 (path: 0 -> 1 -> 3)"
604,591,DELIVERED,-1,-1,3,-1,"Packet 591 delivered at node 3 (path: 0 -> 1 -> 3)"
605,592,DELIVERED,-1,-1,3,-1,"Packet 592 delivered at node 3 (path: 0 -> 1 -> 3)"
606,593,DELIVERED,-1,-1,3,-1,"Packet 593 delivered at node 3 (path: 0 -> 1 -> 3)"
607,594,DELIVERED,-1,-1,3,-1,"Packet 594 delivered at node 3 (path: 0 -> 1 -> 3)"
608,595,DELIVERED,-1,-1,3,-1,"Packet 595 delivered at node 3 (path: 0 -> 1 -> 3)"
609,596,DELIVERED,-1,-1,3,-1,"Packet 596 delivered at node 3 (path: 0 -> 1 -> 3)"
610,597,DELIVERED,-1,-1,3,-1,"Packet 597 delivered at node 3 (path: 0 -> 1 -> 3)"
611,598,DELIVERED,-1,-1,3,-1,"Packet 598 delivered at node 3 (path: 0 -> 1 -> 3)"
612,599,DELIVERED,-1,-1,3,-1,"Packet 599 delivered at node 3 (path: 0 -> 1 -> 3)"
613,600,DELIVERED,-1,-1,3,-1,"Packet 600 delivered at node 3 (path: 0 -> 1 -> 3)"
614,601,DELIVERED,-1,-1,3,-1,"Packet 601 delivered at node 3 (path: 0 -> 1 -> 3)"
615,602,DELIVERED,-1,-1,3,-1,"Packet 602 delivered at node 3 (path: 0 -> 1 -> 3)"
616,603,DELIVERED,-1,-1,3,-1,"Packet 603 delivered at node 3 (path: 0 -> 1 -> 3)"
617,604,DELIVERED,-1,-1,3,-1,"Packet 604 delivered at node 3 (path: 0 -> 1 -> 3)"
618,605,DELIVERED,-1,-1,3,-1,"Packet 605 delivered at node 3 (path: 0 -> 1 -> 3)"
619,606,DELIVERED,-1,-1,3,-1,"Packet 606 delivered at node 3 (path: 0 -> 1 -> 3)"
620,607,DELIVERED,-1,-1,3,-1,"Packet 607 delivered at node 3 (path: 0 -> 1 -> 3)"
621,608,DELIVERED,-1,-1,3,-1,"Packet 608 delivered at node 3 (path: 0 -> 1 -> 3)"
622,609,DELIVERED,-1,-1,3,-1,"Packet 609 delivered at node 3 (path: 0 -> 1 -> 3)"
623,610,DELIVERED,-1,-1,3,-1,"Packet 610 delivered at node 3 (path: 0 -> 1 -> 3)"
624,611,DELIVERED,-1,-1,3,-1,"Packet 611 delivered at node 3 (path: 0 -> 1 -> 3)"
625,612,DELIVERED,-1,-1,3,-1,"Packet 612 delivered at node 3 (path: 0 -> 1 -> 3)"
626,613,DELIVERED,-1,-1,3,-1,"Packet 613 delivered at node 3 (path: 0 -> 1 -> 3)"
627,614,DELIVERED,-1,-1,3,-1,"Packet 614 delivered at node 3 (path: 0 -> 1 -> 3)"
628,615,DELIVERED,-1,-1,3,-1,"Packet 615 delivered at node 3 (path: 0 -> 1 -> 3)"
629,616,DELIVERED,-1,-1,3,-1,"Packet 616 delivered at node 3 (path: 0 -> 1 -> 3)"
630,617,DELIVERED,-1,-1,3,-1,"Packet 617 delivered at node 3 (path: 0 -> 1 -> 3)"
631,618,DELIVERED,-1,-1,3,-1,"Packet 618 delivered at node 3 (path: 0 -> 1 -> 3)"
632,619,DELIVERED,-1,-1,3,-1,"Packet 619 delivered at node 3 (path: 0 -> 1 -> 3)"
633,620,DELIVERED,-1,-1,3,-1,"Packet 620 delivered at node 3 (path: 0 -> 1 -> 3)"
634,621,DELIVERED,-1,-1,3,-1,"Packet 621 delivered at node 3 (path: 0 -> 1 -> 3)"
635,622,DELIVERED,-1,-1,3,-1,"Packet 622 delivered at node 3 (path: 0 -> 1 -> 3)"
636,623,DELIVERED,-1,-1,3,-1,"Packet 623 delivered at node 3 (path: 0 -> 1 -> 3)"
637,624,DELIVERED,-1,-1,3,-1,"Packet 624 delivered at node 3 (path: 0 -> 1 -> 3)"
638,625,DELIVERED,-1,-1,3,-1,"Packet 625 delivered at node 3 (path: 0 -> 1 -> 3)"
639,626,DELIVERED,-1,-1,3,-1,"Packet 626 delivered at node 3 (path: 0 -> 1 -> 3)"
640,627,DELIVERED,-1,-1,3,-1,"Packet 627 delivered at node 3 (path: 0 -> 1 -> 3)"
641,628,DELIVERED,-1,-1,3,-1,"Packet 628 delivered at node 3 (path: 0 -> 1 -> 3)"
642,629,DELIVERED,-1,-1,3,-1,"Packet 629 delivered at node 3 (path: 0 -> 1 -> 3)"
643,630,DELIVERED,-1,-1,3,-1,"Packet 630 delivered at node 3 (path: 0 -> 1 -> 3)"
644,631,DELIVERED,-1,-1,3,-1,"Packet 631 delivered at node 3 (path: 0 -> 1 -> 3)"
645,632,DELIVERED,-1,-1,3,-1,"Packet 632 delivered at node 3 (path: 0 -> 1 -> 3)"
646,633,DELIVERED,-1,-1,3,-1,"Packet 633 delivered at node 3 (path: 0 -> 1 -> 3)"
647,634,DELIVERED,-1,-1,3,-1,"Packet 634 delivered at node 3 (path: 0 -> 1 -> 3)"
648,635,DELIVERED,-1,-1,3,-1,"Packet 635 delivered at node 3 (path: 0 -> 1 -> 3)"
649,636,DELIVERED,-1,-1,3,-1,"Packet 636 delivered at node 3 (path: 0 -> 1 -> 3)"
650,637,DELIVERED,-1,-1,3,-1,"Packet 637 delivered at node 3 (path: 0 -> 1 -> 3)"
651,638,DELIVERED,-1,-1,3,-1,"Packet 638 delivered at node 3 (path: 0 -> 1 -> 3)"
652,639,DELIVERED,-1,-1,3,-1,"Packet 639 delivered at node 3 (path: 0 -> 1 -> 3)"
653,640,DELIVERED,-1,-1,3,-1,"Packet 640 delivered at node 3 (path: 0 -> 1 -> 3)"
654,641,DELIVERED,-1,-1,3,-1,"Packet 641 delivered at node 3 (path: 0 -> 1 -> 3)"
655,642,DELIVERED,-1,-1,3,-1,"Packet 642 delivered at node 3 (path: 0 -> 1 -> 3)"
656,643,DELIVERED,-1,-1,3,-1,"Packet 643 delivered at node 3 (path: 0 -> 1 -> 3)"
657,644,DELIVERED,-1,-1,3,-1,"Packet 644 delivered at node 3 (path: 0 -> 1 -> 3)"
658,645,DELIVERED,-1,-1,3,-1,"Packet 645 delivered at node 3 (path: 0 -> 1 -> 3)"
659,646,DELIVERED,-1,-1,3,-1,"Packet 646 delivered at node 3 (path: 0 -> 1 -> 3)"
660,647,DELIVERED,-1,-1,3,-1,"Packet 647 delivered at node 3 (path: 0 -> 1 -> 3)"
661,648,DELIVERED,-1,-1,3,-1,"Packet 648 delivered at node 3 (path: 0 -> 1 -> 3)"
662,649,DELIVERED,-1,-1,3,-1,"Packet 649 delivered at node 3 (path: 0 -> 1 -> 3)"
663,650,DELIVERED,-1,-1,3,-1,"Packet 650 delivered at node 3 (path: 0 -> 1 -> 3)"
664,651,DELIVERED,-1,-1,3,-1,"Packet 651 delivered at node 3 (path: 0 -> 1 -> 3)"
665,652,DELIVERED,-1,-1,3,-1,"Packet 652 delivered at node 3 (path: 0 -> 1 -> 3)"
666,653,DELIVERED,-1,-1,3,-1,"Packet 653 delivered at node 3 (path: 0 -> 1 -> 3)"
667,654,DELIVERED,-1,-1,3,-1,"Packet 654 delivered at node 3 (path: 0 -> 1 -> 3)"
668,655,DELIVERED,-1,-1,3,-1,"Packet 655 delivered at node 3 (path: 0 -> 1 -> 3)"
669,656,DELIVERED,-1,-1,3,-1,"Packet 656 delivered at node 3 (path: 0 -> 1 -> 3)"
670,657,DELIVERED,-1,-1,3,-1,"Packet 657 delivered at node 3 (path: 0 -> 1 -> 3)"
671,658,DELIVERED,-1,-1,3,-1,"Packet 658 delivered at node 3 (path: 0 -> 1 -> 3)"
672,659,DELIVERED,-1,-1,3,-1,"Packet 659 delivered at node 3 (path: 0 -> 1 -> 3)"
673,660,DELIVERED,-1,-1,3,-1,"Packet 660 delivered at node 3 (path: 0 -> 1 -> 3)"
674,661,DELIVERED,-1,-1,3,-1,"Packet 661 delivered at node 3 (path: 0 -> 1 -> 3)"
675,662,DELIVERED,-1,-1,3,-1,"Packet 662 delivered at node 3 (path: 0 -> 1 -> 3)"
676,663,DELIVERED,-1,-1,3,-1,"Packet 663 delivered at node 3 (path: 0 -> 1 -> 3)"
677,664,DELIVERED,-1,-1,3,-1,"Packet 664 delivered at node 3 (path: 0 -> 1 -> 3)"
678,665,DELIVERED,-1,-1,3,-1,"Packet 665 delivered at node 3 (path: 0 -> 1 -> 3)"
679,666,DELIVERED,-1,-1,3,-1,"Packet 666 delivered at node 3 (path: 0 -> 1 -> 3)"
680,667,DELIVERED,-1,-1,3,-1,"Packet 667 delivered at node 3 (path: 0 -> 1 -> 3)"
681,668,DELIVERED,-1,-1,3,-1,"Packet 668 delivered at node 3 (path: 0 -> 1 -> 3)"
682,669,DELIVERED,-1,-1,3,-1,"Packet 669 delivered at node 3 (path: 0 -> 1 -> 3)"
683,670,DELIVERED,-1,-1,3,-1,"Packet 670 delivered at node 3 (path: 0 -> 1 -> 3)"
684,671,DELIVERED,-1,-1,3,-1,"Packet 671 delivered at node 3 (path: 0 -> 1 -> 3)"
685,672,DELIVERED,-1,-1,3,-1,"Packet 672 delivered at node 3 (path: 0 -> 1 -> 3)"
686,673,DELIVERED,-1,-1,3,-1,"Packet 673 delivered at node 3 (path: 0 -> 1 -> 3)"
687,674,DELIVERED,-1,-1,3,-1,"Packet 674 delivered at node 3 (path: 0 -> 1 -> 3)"
688,675,DELIVERED,-1,-1,3,-1,"Packet 675 delivered at node 3 (path: 0 -> 1 -> 3)"
689,676,DELIVERED,-1,-1,3,-1,"Packet 676 delivered at node 3 (path: 0 -> 1 -> 3)"
690,677,DELIVERED,-1,-1,3,-1,"Packet 677 delivered at node 3 (path: 0 -> 1 -> 3)"
691,678,DELIVERED,-1,-1,3,-1,"Packet 678 delivered at node 3 (path: 0 -> 1 -> 3)"
692,679,DELIVERED,-1,-1,3,-1,"Packet 679 delivered at node 3 (path: 0 -> 1 -> 3)"
693,680,DELIVERED,-1,-1,3,-1,"Packet 680 delivered at node 3 (path: 0 -> 1 -> 3)"
694,681,DELIVERED,-1,-1,3,-1,"Packet 681 delivered at node 3 (path: 0 -> 1 -> 3)"
695,682,DELIVERED,-1,-1,3,-1,"Packet 682 delivered at node 3 (path: 0 -> 1 -> 3)"
696,683,DELIVERED,-1,-1,3,-1,"Packet 683 delivered at node 3 (path: 0 -> 1 -> 3)"
697,684,DELIVERED,-1,-1,3,-1,"Packet 684 delivered at node 3 (path: 0 -> 1 -> 3)"
698,685,DELIVERED,-1,-1,3,-1,"Packet 685 delivered at node 3 (path: 0 -> 1 -> 3)"
699,686,DELIVERED,-1,-1,3,-1,"Packet 686 delivered at node 3 (path: 0 -> 1 -> 3)"
700,687,DELIVERED,-1,-1,3,-1,"Packet 687 delivered at node 3 (path: 0 -> 1 -> 3)"
701,688,DELIVERED,-1,-1,3,-1,"Packet 688 delivered at node 3 (path: 0 -> 1 -> 3)"
702,689,DELIVERED,-1,-1,3,-1,"Packet 689 delivered at node 3 (path: 0 -> 1 -> 3)"
703,690,DELIVERED,-1,-1,3,-1,"Packet 690 delivered at node 3 (path: 0 -> 1 -> 3)"
704,691,DELIVERED,-1,-1,3,-1,"Packet 691 delivered at node 3 (path: 0 -> 1 -> 3)"
705,692,DELIVERED,-1,-1,3,-1,"Packet 692 delivered at node 3 (path: 0 -> 1 -> 3)"
706,693,DELIVERED,-1,-1,3,-1,"Packet 693 delivered at node 3 (path: 0 -> 1 -> 3)"
707,694,DELIVERED,-1,-1,3,-1,"Packet 694 delivered at node 3 (path: 0 -> 1 -> 3)"
708,695,DELIVERED,-1,-1,3,-1,"Packet 695 delivered at node 3 (path: 0 -> 1 -> 3)"
709,696,DELIVERED,-1,-1,3,-1,"Packet 696 delivered at node 3 (path: 0 -> 1 -> 3)"
710,697,DELIVERED,-1,-1,3,-1,"Packet 697 delivered at node 3 (path: 0 -> 1 -> 3)"
711,698,DELIVERED,-1,-1,3,-1,"Packet 698 delivered at node 3 (path: 0 -> 1 -> 3)"
712,699,DELIVERED,-1,-1,3,-1,"Packet 699 delivered at node 3 (path: 0 -> 1 -> 3)"
713,700,DELIVERED,-1,-1,3,-1,"Packet 700 delivered at node 3 (path: 0 -> 1 -> 3)"
714,701,DELIVERED,-1,-1,3,-1,"Packet 701 delivered at node 3 (path: 0 -> 1 -> 3)"
715,702,DELIVERED,-1,-1,3,-1,"Packet 702 delivered at node 3 (path: 0 -> 1 -> 3)"
716,703,DELIVERED,-1,-1,3,-1,"Packet 703 delivered at node 3 (path: 0 -> 1 -> 3)"
717,704,DELIVERED,-1,-1,3,-1,"Packet 704 delivered at node 3 (path: 0 -> 1 -> 3)"
718,705,DELIVERED,-1,-1,3,-1,"Packet 705 delivered at node 3 (path: 0 -> 1 -> 3)"
719,706,DELIVERED,-1,-1,3,-1,"Packet 706 delivered at node 3 (path: 0 -> 1 -> 3)"
720,707,DELIVERED,-1,-1,3,-1,"Packet 707 delivered at node 3 (path: 0 -> 1 -> 3)"
721,708,DELIVERED,-1,-1,3,-1,"Packet 708 delivered at node 3 (path: 0 -> 1 -> 3)"
722,709,DELIVERED,-1,-1,3,-1,"Packet 709 delivered at node 3 (path: 0 -> 1 -> 3)"
723,710,DELIVERED,-1,-1,3,-1,"Packet 710 delivered at node 3 (path: 0 -> 1 -> 3)"
724,711,DELIVERED,-1,-1,3,-1,"Packet 711 delivered at node 3 (path: 0 -> 1 -> 3)"
725,712,DELIVERED,-1,-1,3,-1,"Packet 712 delivered at node 3 (path: 0 -> 1 -> 3)"
726,713,DELIVERED,-1,-1,3,-1,"Packet 713 delivered at node 3 (path: 0 -> 1 -> 3)"
727,714,DELIVERED,-1,-1,3,-1,"Packet 714 delivered at node 3 (path: 0 -> 1 -> 3)"
728,715,DELIVERED,-1,-1,3,-1,"Packet 715 delivered at node 3 (path: 0 -> 1 -> 3)"
729,716,DELIVERED,-1,-1,3,-1,"Packet 716 delivered at node 3 (path: 0 -> 1 -> 3)"
730,717,DELIVERED,-1,-1,3,-1,"Packet 717 delivered at node 3 (path: 0 -> 1 -> 3)"
731,718,DELIVERED,-1,-1,3,-1,"Packet 718 delivered at node 3 (path: 0 -> 1 -> 3)"
732,719,DELIVERED,-1,-1,3,-1,"Packet 719 delivered at node 3 (path: 0 -> 1 -> 3)"
733,720,DELIVERED,-1,-1,3,-1,"Packet 720 delivered at node 3 (path: 0 -> 1 -> 3)"
734,721,DELIVERED,-1,-1,3,-1,"Packet 721 delivered at node 3 (path: 0 -> 1 -> 3)"
735,722,DELIVERED,-1,-1,3,-1,"Packet 722 delivered at node 3 (path: 0 -> 1 -> 3)"
736,723,DELIVERED,-1,-1,3,-1,"Packet 723 delivered at node 3 (path: 0 -> 1 -> 3)"
737,724,DELIVERED,-1,-1,3,-1,"Packet 724 delivered at node 3 (path: 0 -> 1 -> 3)"
738,725,DELIVERED,-1,-1,3,-1,"Packet 725 delivered at node 3 (path: 0 -> 1 -> 3)"
739,726,DELIVERED,-1,-1,3,-1,"Packet 726 delivered at node 3 (path: 0 -> 1 -> 3)"
740,727,DELIVERED,-1,-1,3,-1,"Packet 727 delivered at node 3 (path: 0 -> 1 -> 3)"
741,728,DELIVERED,-1,-1,3,-1,"Packet 728 delivered at node 3 (path: 0 -> 1 -> 3)"
742,729,DELIVERED,-1,-1,3,-1,"Packet 729 delivered at node 3 (path: 0 -> 1 -> 3)"
743,730,DELIVERED,-1,-1,3,-1,"Packet 730 delivered at node 3 (path: 0 -> 1 -> 3)"
744,731,DELIVERED,-1,-1,3,-1,"Packet 731 delivered at node 3 (path: 0 -> 1 -> 3)"
745,732,DELIVERED,-1,-1,3,-1,"Packet 732 delivered at node 3 (path: 0 -> 1 -> 3)"
746,733,DELIVERED,-1,-1,3,-1,"Packet 733 delivered at node 3 (path: 0 -> 1 -> 3)"
747,734,DELIVERED,-1,-1,3,-1,"Packet 734 delivered at node 3 (path: 0 -> 1 -> 3)"
748,735,DELIVERED,-1,-1,3,-1,"Packet 735 delivered at node 3 (path: 0 -> 1 -> 3)"
749,736,DELIVERED,-1,-1,3,-1,"Packet 736 delivered at node 3 (path: 0 -> 1 -> 3)"
750,737,DELIVERED,-1,-1,3,-1,"Packet 737 delivered at node 3 (path: 0 -> 1 -> 3)"
751,738,DELIVERED,-1,-1,3,-1,"Packet 738 delivered at node 3 (path: 0 -> 1 -> 3)"
752,739,DELIVERED,-1,-1,3,-1,"Packet 739 delivered at node 3 (path: 0 -> 1 -> 3)"
753,740,DELIVERED,-1,-1,3,-1,"Packet 740 delivered at node 3 (path: 0 -> 1 -> 3)"
754,741,DELIVERED,-1,-1,3,-1,"Packet 741 delivered at node 3 (path: 0 -> 1 -> 3)"
755,742,DELIVERED,-1,-1,3,-1,"Packet 742 delivered at node 3 (path: 0 -> 1 -> 3)"
756,743,DELIVERED,-1,-1,3,-1,"Packet 743 delivered at node 3 (path: 0 -> 1 -> 3)"
757,744,DELIVERED,-1,-1,3,-1,"Packet 744 delivered at node 3 (path: 0 -> 1 -> 3)"
758,745,DELIVERED,-1,-1,3,-1,"Packet 745 delivered at node 3 (path: 0 -> 1 -> 3)"
759,746,DELIVERED,-1,-1,3,-1,"Packet 746 delivered at node 3 (path: 0 -> 1 -> 3)"
760,747,DELIVERED,-1,-1,3,-1,"Packet 747 delivered at node 3 (path: 0 -> 1 -> 3)"
761,748,DELIVERED,-1,-1,3,-1,"Packet 748 delivered at node 3 (path: 0 -> 1 -> 3)"
762,749,DELIVERED,-1,-1,3,-1,"Packet 749 delivered at node 3 (path: 0 -> 1 -> 3)"
763,750,DELIVERED,-1,-1,3,-1,"Packet 750 delivered at node 3 (path: 0 -> 1 -> 3)"
764,751,DELIVERED,-1,-1,3,-1,"Packet 751 delivered at node 3 (path: 0 -> 1 -> 3)"
765,752,DELIVERED,-1,-1,3,-1,"Packet 752 delivered at node 3 (path: 0 -> 1 -> 3)"
766,753,DELIVERED,-1,-1,3,-1,"Packet 753 delivered at node 3 (path: 0 -> 1 -> 3)"
767,754,DELIVERED,-1,-1,3,-1,"Packet 754 delivered at node 3 (path: 0 -> 1 -> 3)"
768,755,DELIVERED,-1,-1,3,-1,"Packet 755 delivered at node 3 (path: 0 -> 1 -> 3)"
769,756,DELIVERED,-1,-1,3,-1,"Packet 756 delivered at node 3 (path: 0 -> 1 -> 3)"
770,757,DELIVERED,-1,-1,3,-1,"Packet 757 delivered at node 3 (path: 0 -> 1 -> 3)"
771,758,DELIVERED,-1,-1,3,-1,"Packet 758 delivered at node 3 (path: 0 -> 1 -> 3)"
772,759,DELIVERED,-1,-1,3,-1,"Packet 759 delivered at node 3 (path: 0 -> 1 -> 3)"
773,760,DELIVERED,-1,-1,3,-1,"Packet 760 delivered at node 3 (path: 0 -> 1 -> 3)"
774,761,DELIVERED,-1,-1,3,-1,"Packet 761 delivered at node 3 (path: 0 -> 1 -> 3)"
775,762,DELIVERED,-1,-1,3,-1,"Packet 762 delivered at node 3 (path: 0 -> 1 -> 3)"
776,763,DELIVERED,-1,-1,3,-1,"Packet 763 delivered at node 3 (path: 0 -> 1 -> 3)"
777,764,DELIVERED,-1,-1,3,-1,"Packet 764 delivered at node 3 (path: 0 -> 1 -> 3)"
778,765,DELIVERED,-1,-1,3,-1,"Packet 765 delivered at node 3 (path: 0 -> 1 -> 3)"
779,766,DELIVERED,-1,-1,3,-1,"Packet 766 delivered at node 3 (path: 0 -> 1 -> 3)"
780,767,DELIVERED,-1,-1,3,-1,"Packet 767 delivered at node 3 (path: 0 -> 1 -> 3)"
781,768,DELIVERED,-1,-1,3,-1,"Packet 768 delivered at node 3 (path: 0 -> 1 -> 3)"
782,769,DELIVERED,-1,-1,3,-1,"Packet 769 delivered at node 3 (path: 0 -> 1 -> 3)"
783,770,DELIVERED,-1,-1,3,-1,"Packet 770 delivered at node 3 (path: 0 -> 1 -> 3)"
784,771,DELIVERED,-1,-1,3,-1,"Packet 771 delivered at node 3 (path: 0 -> 1 -> 3)"
785,772,DELIVERED,-1,-1,3,-1,"Packet 772 delivered at node 3 (path: 0 -> 1 -> 3)"
786,773,DELIVERED,-1,-1,3,-1,"Packet 773 delivered at node 3 (path: 0 -> 1 -> 3)"
787,774,DELIVERED,-1,-1,3,-1,"Packet 774 delivered at node 3 (path: 0 -> 1 -> 3)"
788,775,DELIVERED,-1,-1,3,-1,"Packet 775 delivered at node 3 (path: 0 -> 1 -> 3)"
789,776,DELIVERED,-1,-1,3,-1,"Packet 776 delivered at node 3 (path: 0 -> 1 -> 3)"
790,777,DELIVERED,-1,-1,3,-1,"Packet 777 delivered at node 3 (path: 0 -> 1 -> 3)"
791,778,DELIVERED,-1,-1,3,-1,"Packet 778 delivered at node 3 (path: 0 -> 1 -> 3)"
792,779,DELIVERED,-1,-1,3,-1,"Packet 779 delivered at node 3 (path: 0 -> 1 -> 3)"
793,780,DELIVERED,-1,-1,3,-1,"Packet 780 delivered at node 3 (path: 0 -> 1 -> 3)"
794,781,DELIVERED,-1,-1,3,-1,"Packet 781 delivered at node 3 (path: 0 -> 1 -> 3)"
795,782,DELIVERED,-1,-1,3,-1,"Packet 782 delivered at node 3 (path: 0 -> 1 -> 3)"
796,783,DELIVERED,-1,-1,3,-1,"Packet 783 delivered at node 3 (path: 0 -> 1 -> 3)"
797,784,DELIVERED,-1,-1,3,-1,"Packet 784 delivered at node 3 (path: 0 -> 1 -> 3)"
798,785,DELIVERED,-1,-1,3,-1,"Packet 785 delivered at node 3 (path: 0 -> 1 -> 3)"
799,786,DELIVERED,-1,-1,3,-1,"Packet 786 delivered at node 3 (path: 0 -> 1 -> 3)"
800,787,DELIVERED,-1,-1,3,-1,"Packet 787 delivered at node 3 (path: 0 -> 1 -> 3)"
801,788,DELIVERED,-1,-1,3,-1,"Packet 788 delivered at node 3 (path: 0 -> 1 -> 3)"
802,789,DELIVERED,-1,-1,3,-1,"Packet 789 delivered at node 3 (path: 0 -> 1 -> 3)"
803,790,DELIVERED,-1,-1,3,-1,"Packet 790 delivered at node 3 (path: 0 -> 1 -> 3)"
804,791,DELIVERED,-1,-1,3,-1,"Packet 791 delivered at node 3 (path: 0 -> 1 -> 3)"
805,792,DELIVERED,-1,-1,3,-1,"Packet 792 delivered at node 3 (path: 0 -> 1 -> 3)"
806,793,DELIVERED,-1,-1,3,-1,"Packet 793 delivered at node 3 (path: 0 -> 1 -> 3)"
807,794,DELIVERED,-1,-1,3,-1,"Packet 794 delivered at node 3 (path: 0 -> 1 -> 3)"
808,795,DELIVERED,-1,-1,3,-1,"Packet 795 delivered at node 3 (path: 0 -> 1 -> 3)"
809,796,DELIVERED,-1,-1,3,-1,"Packet 796 delivered at node 3 (path: 0 -> 1 -> 3)"
810,797,DELIVERED,-1,-1,3,-1,"Packet 797 delivered at node 3 (path: 0 -> 1 -> 3)"
811,798,DELIVERED,-1,-1,3,-1,"Packet 798 delivered at node 3 (path: 0 -> 1 -> 3)"
812,799,DELIVERED,-1,-1,3,-1,"Packet 799 delivered at node 3 (path: 0 -> 1 -> 3)"
813,800,DELIVERED,-1,-1,3,-1,"Packet 800 delivered at node 3 (path: 0 -> 1 -> 3)"
814,801,DELIVERED,-1,-1,3,-1,"Packet 801 delivered at node 3 (path: 0 -> 1 -> 3)"
815,802,DELIVERED,-1,-1,3,-1,"Packet 802 delivered at node 3 (path: 0 -> 1 -> 3)"
816,803,DELIVERED,-1,-1,3,-1,"Packet 803 delivered at node 3 (path: 0 -> 1 -> 3)"
817,804,DELIVERED,-1,-1,3,-1,"Packet 804 delivered at node 3 (path: 0 -> 1 -> 3)"
818,805,DELIVERED,-1,-1,3,-1,"Packet 805 delivered at node 3 (path: 0 -> 1 -> 3)"
819,806,DELIVERED,-1,-1,3,-1,"Packet 806 delivered at node 3 (path: 0 -> 1 -> 3)"
820,807,DELIVERED,-1,-1,3,-1,"Packet 807 delivered at node 3 (path: 0 -> 1 -> 3)"
821,808,DELIVERED,-1,-1,3,-1,"Packet 808 delivered at node 3 (path: 0 -> 1 -> 3)"
822,809,DELIVERED,-1,-1,3,-1,"Packet 809 delivered at node 3 (path: 0 -> 1 -> 3)"
823,810,DELIVERED,-1,-1,3,-1,"Packet 810 delivered at node 3 (path: 0 -> 1 -> 3)"
824,811,DELIVERED,-1,-1,3,-1,"Packet 811 delivered at node 3 (path: 0 -> 1 -> 3)"
825,812,DELIVERED,-1,-1,3,-1,"Packet 812 delivered at node 3 (path: 0 -> 1 -> 3)"
826,813,DELIVERED,-1,-1,3,-1,"Packet 813 delivered at node 3 (path: 0 -> 1 -> 3)"
827,814,DELIVERED,-1,-1,3,-1,"Packet 814 delivered at node 3 (path: 0 -> 1 -> 3)"
828,815,DELIVERED,-1,-1,3,-1,"Packet 815 delivered at node 3 (path: 0 -> 1 -> 3)"
829,816,DELIVERED,-1,-1,3,-1,"Packet 816 delivered at node 3 (path: 0 -> 1 -> 3)"
830,817,DELIVERED,-1,-1,3,-1,"Packet 817 delivered at node 3 (path: 0 -> 1 -> 3)"
831,818,DELIVERED,-1,-1,3,-1,"Packet 818 delivered at node 3 (path: 0 -> 1 -> 3)"
832,819,DELIVERED,-1,-1,3,-1,"Packet 819 delivered at node 3 (path: 0 -> 1 -> 3)"
833,820,DELIVERED,-1,-1,3,-1,"Packet 820 delivered at node 3 (path: 0 -> 1 -> 3)"
834,821,DELIVERED,-1,-1,3,-1,"Packet 821 delivered at node 3 (path: 0 -> 1 -> 3)"
835,822,DELIVERED,-1,-1,3,-1,"Packet 822 delivered at node 3 (path: 0 -> 1 -> 3)"
836,823,DELIVERED,-1,-1,3,-1,"Packet 823 delivered at node 3 (path: 0 -> 1 -> 3)"
837,824,DELIVERED,-1,-1,3,-1,"Packet 824 delivered at node 3 (path: 0 -> 1 -> 3)"
838,825,DELIVERED,-1,-1,3,-1,"Packet 825 delivered at node 3 (path: 0 -> 1 -> 3)"
839,826,DELIVERED,-1,-1,3,-1,"Packet 826 delivered at node 3 (path: 0 -> 1 -> 3)"
840,827,DELIVERED,-1,-1,3,-1,"Packet 827 delivered at node 3 (path: 0 -> 1 -> 3)"
841,828,DELIVERED,-1,-1,3,-1,"Packet 828 delivered at node 3 (path: 0 -> 1 -> 3)"
842,829,DELIVERED,-1,-1,3,-1,"Packet 829 delivered at node 3 (path: 0 -> 1 -> 3)"
843,830,DELIVERED,-1,-1,3,-1,"Packet 830 delivered at node 3 (path: 0 -> 1 -> 3)"
844,831,DELIVERED,-1,-1,3,-1,"Packet 831 delivered at node 3 (path: 0 -> 1 -> 3)"
845,832,DELIVERED,-1,-1,3,-1,"Packet 832 delivered at node 3 (path: 0 -> 1 -> 3)"
846,833,DELIVERED,-1,-1,3,-1,"Packet 833 delivered at node 3 (path: 0 -> 1 -> 3)"
847,834,DELIVERED,-1,-1,3,-1,"Packet 834 delivered at node 3 (path: 0 -> 1 -> 3)"
848,835,DELIVERED,-1,-1,3,-1,"Packet 835 delivered at node 3 (path: 0 -> 1 -> 3)"
849,836,DELIVERED,-1,-1,3,-1,"Packet 836 delivered at node 3 (path: 0 -> 1 -> 3)"
850,837,DELIVERED,-1,-1,3,-1,"Packet 837 delivered at node 3 (path: 0 -> 1 -> 3)"
851,838,DELIVERED,-1,-1,3,-1,"Packet 838 delivered at node 3 (path: 0 -> 1 -> 3)"
852,839,DELIVERED,-1,-1,3,-1,"Packet 839 delivered at node 3 (path: 0 -> 1 -> 3)"
853,840,DELIVERED,-1,-1,3,-1,"Packet 840 delivered at node 3 (path: 0 -> 1 -> 3)"
854,841,DELIVERED,-1,-1,3,-1,"Packet 841 delivered at node 3 (path: 0 -> 1 -> 3)"
855,842,DELIVERED,-1,-1,3,-1,"Packet 842 delivered at node 3 (path: 0 -> 1 -> 3)"
856,843,DELIVERED,-1,-1,3,-1,"Packet 843 delivered at node 3 (path: 0 -> 1 -> 3)"
857,844,DELIVERED,-1,-1,3,-1,"Packet 844 delivered at node 3 (path: 0 -> 1 -> 3)"
858,845,DELIVERED,-1,-1,3,-1,"Packet 845 delivered at node 3 (path: 0 -> 1 -> 3)"
859,846,DELIVERED,-1,-1,3,-1,"Packet 846 delivered at node 3 (path: 0 -> 1 -> 3)"
860,847,DELIVERED,-1,-1,3,-1,"Packet 847 delivered at node 3 (path: 0 -> 1 -> 3)"
861,848,DELIVERED,-1,-1,3,-1,"Packet 848 delivered at node 3 (path: 0 -> 1 -> 3)"
862,849,DELIVERED,-1,-1,3,-1,"Packet 849 delivered at node 3 (path: 0 -> 1 -> 3)"
863,850,DELIVERED,-1,-1,3,-1,"Packet 850 delivered at node 3 (path: 0 -> 1 -> 3)"
864,851,DELIVERED,-1,-1,3,-1,"Packet 851 delivered at node 3 (path: 0 -> 1 -> 3)"
865,852,DELIVERED,-1,-1,3,-1,"Packet 852 delivered at node 3 (path: 0 -> 1 -> 3)"
866,853,DELIVERED,-1,-1,3,-1,"Packet 853 delivered at node 3 (path: 0 -> 1 -> 3)"
867,854,DELIVERED,-1,-1,3,-1,"Packet 854 delivered at node 3 (path: 0 -> 1 -> 3)"
868,855,DELIVERED,-1,-1,3,-1,"Packet 855 delivered at node 3 (path: 0 -> 1 -> 3)"
869,856,DELIVERED,-1,-1,3,-1,"Packet 856 delivered at node 3 (path: 0 -> 1 -> 3)"
870,857,DELIVERED,-1,-1,3,-1,"Packet 857 delivered at node 3 (path: 0 -> 1 -> 3)"
871,858,DELIVERED,-1,-1,3,-1,"Packet 858 delivered at node 3 (path: 0 -> 1 -> 3)"
872,859,DELIVERED,-1,-1,3,-1,"Packet 859 delivered at node 3 (path: 0 -> 1 -> 3)"
873,860,DELIVERED,-1,-1,3,-1,"Packet 860 delivered at node 3 (path: 0 -> 1 -> 3)"
874,861,DELIVERED,-1,-1,3,-1,"Packet 861 delivered at node 3 (path: 0 -> 1 -> 3)"
875,862,DELIVERED,-1,-1,3,-1,"Packet 862 delivered at node 3 (path: 0 -> 1 -> 3)"
876,863,DELIVERED,-1,-1,3,-1,"Packet 863 delivered at node 3 (path: 0 -> 1 -> 3)"
877,864,DELIVERED,-1,-1,3,-1,"Packet 864 delivered at node 3 (path: 0 -> 1 -> 3)"
878,865,DELIVERED,-1,-1,3,-1,"Packet 865 delivered at node 3 (path: 0 -> 1 -> 3)"
879,866,DELIVERED,-1,-1,3,-1,"Packet 866 delivered at node 3 (path: 0 -> 1 -> 3)"
880,867,DELIVERED,-1,-1,3,-1,"Packet 867 delivered at node 3 (path: 0 -> 1 -> 3)"
881,868,DELIVERED,-1,-1,3,-1,"Packet 868 delivered at node 3 (path: 0 -> 1 -> 3)"
882,869,DELIVERED,-1,-1,3,-1,"Packet 869 delivered at node 3 (path: 0 -> 1 -> 3)"
883,870,DELIVERED,-1,-1,3,-1,"Packet 870 delivered at node 3 (path: 0 -> 1 -> 3)"
884,871,DELIVERED,-1,-1,3,-1,"Packet 871 delivered at node 3 (path: 0 -> 1 -> 3)"
885,872,DELIVERED,-1,-1,3,-1,"Packet 872 delivered at node 3 (path: 0 -> 1 -> 3)"
886,873,DELIVERED,-1,-1,3,-1,"Packet 873 delivered at node 3 (path: 0 -> 1 -> 3)"
887,874,DELIVERED,-1,-1,3,-1,"Packet 874 delivered at node 3 (path: 0 -> 1 -> 3)"
888,875,DELIVERED,-1,-1,3,-1,"Packet 875 delivered at node 3 (path: 0 -> 1 -> 3)"
889,876,DELIVERED,-1,-1,3,-1,"Packet 876 delivered at node 3 (path: 0 -> 1 -> 3)"
890,877,DELIVERED,-1,-1,3,-1,"Packet 877 delivered at node 3 (path: 0 -> 1 -> 3)"
891,878,DELIVERED,-1,-1,3,-1,"Packet 878 delivered at node 3 (path: 0 -> 1 -> 3)"
892,879,DELIVERED,-1,-1,3,-1,"Packet 879 delivered at node 3 (path: 0 -> 1 -> 3)"
893,880,DELIVERED,-1,-1,3,-1,"Packet 880 delivered at node 3 (path: 0 -> 1 -> 3)"
894,881,DELIVERED,-1,-1,3,-1,"Packet 881 delivered at node 3 (path: 0 -> 1 -> 3)"
895,882,DELIVERED,-1,-1,3,-1,"Packet 882 delivered at node 3 (path: 0 -> 1 -> 3)"
896,883,DELIVERED,-1,-1,3,-1,"Packet 883 delivered at node 3 (path: 0 -> 1 -> 3)"
897,884,DELIVERED,-1,-1,3,-1,"Packet 884 delivered at node 3 (path: 0 -> 1 -> 3)"
898,885,DELIVERED,-1,-1,3,-1,"Packet 885 delivered at node 3 (path: 0 -> 1 -> 3)"
899,886,DELIVERED,-1,-1,3,-1,"Packet 886 delivered at node 3 (path: 0 -> 1 -> 3)"
900,887,DELIVERED,-1,-1,3,-1,"Packet 887 delivered at node 3 (path: 0 -> 1 -> 3)"
901,888,DELIVERED,-1,-1,3,-1,"Packet 888 delivered at node 3 (path: 0 -> 1 -> 3)"
902,889,DELIVERED,-1,-1,3,-1,"Packet 889 delivered at node 3 (path: 0 -> 1 -> 3)"
903,890,DELIVERED,-1,-1,3,-1,"Packet 890 delivered at node 3 (path: 0 -> 1 -> 3)"
904,891,DELIVERED,-1,-1,3,-1,"Packet 891 delivered at node 3 (path: 0 -> 1 -> 3)"
905,892,DELIVERED,-1,-1,3,-1,"Packet 892 delivered at node 3 (path: 0 -> 1 -> 3)"
906,893,DELIVERED,-1,-1,3,-1,"Packet 893 delivered at node 3 (path: 0 -> 1 -> 3)"
907,894,DELIVERED,-1,-1,3,-1,"Packet 894 delivered at node 3 (path: 0 -> 1 -> 3)"
908,895,DELIVERED,-1,-1,3,-1,"Packet 895 delivered at node 3 (path: 0 -> 1 -> 3)"
909,896,DELIVERED,-1,-1,3,-1,"Packet 896 delivered at node 3 (path: 0 -> 1 -> 3)"
910,897,DELIVERED,-1,-1,3,-1,"Packet 897 delivered at node 3 (path: 0 -> 1 -> 3)"
911,898,DELIVERED,-1,-1,3,-1,"Packet 898 delivered at node 3 (path: 0 -> 1 -> 3)"
912,899,DELIVERED,-1,-1,3,-1,"Packet 899 delivered at node 3 (path: 0 -> 1 -> 3)"
913,900,DELIVERED,-1,-1,3,-1,"Packet 900 delivered at node 3 (path: 0 -> 1 -> 3)"
914,901,DELIVERED,-1,-1,3,-1,"Packet 901 delivered at node 3 (path: 0 -> 1 -> 3)"
915,902,DELIVERED,-1,-1,3,-1,"Packet 902 delivered at node 3 (path: 0 -> 1 -> 3)"
916,903,DELIVERED,-1,-1,3,-1,"Packet 903 delivered at node 3 (path: 0 -> 1 -> 3)"
917,904,DELIVERED,-1,-1,3,-1,"Packet 904 delivered at node 3 (path: 0 -> 1 -> 3)"
918,905,DELIVERED,-1,-1,3,-1,"Packet 905 delivered at node 3 (path: 0 -> 1 -> 3)"
919,906,DELIVERED,-1,-1,3,-1,"Packet 906 delivered at node 3 (path: 0 -> 1 -> 3)"
920,907,DELIVERED,-1,-1,3,-1,"Packet 907 delivered at node 3 (path: 0 -> 1 -> 3)"
921,908,DELIVERED,-1,-1,3,-1,"Packet 908 delivered at node 3 (path: 0 -> 1 -> 3)"
922,909,DELIVERED,-1,-1,3,-1,"Packet 909 delivered at node 3 (path: 0 -> 1 -> 3)"
923,910,DELIVERED,-1,-1,3,-1,"Packet 910 delivered at node 3 (path: 0 -> 1 -> 3)"
924,911,DELIVERED,-1,-1,3,-1,"Packet 911 delivered at node 3 (path: 0 -> 1 -> 3)"
925,912,DELIVERED,-1,-1,3,-1,"Packet 912 delivered at node 3 (path: 0 -> 1 -> 3)"
926,913,DELIVERED,-1,-1,3,-1,"Packet 913 delivered at node 3 (path: 0 -> 1 -> 3)"
927,914,DELIVERED,-1,-1,3,-1,"Packet 914 delivered at node 3 (path: 0 -> 1 -> 3)"
928,915,DELIVERED,-1,-1,3,-1,"Packet 915 delivered at node 3 (path: 0 -> 1 -> 3)"
929,916,DELIVERED,-1,-1,3,-1,"Packet 916 delivered at node 3 (path: 0 -> 1 -> 3)"
930,917,DELIVERED,-1,-1,3,-1,"Packet 917 delivered at node 3 (path: 0 -> 1 -> 3)"
931,918,DELIVERED,-1,-1,3,-1,"Packet 918 delivered at node 3 (path: 0 -> 1 -> 3)"
932,919,DELIVERED,-1,-1,3,-1,"Packet 919 delivered at node 3 (path: 0 -> 1 -> 3)"
933,920,DELIVERED,-1,-1,3,-1,"Packet 920 delivered at node 3 (path: 0 -> 1 -> 3)"
934,921,DELIVERED,-1,-1,3,-1,"Packet 921 delivered at node 3 (path: 0 -> 1 -> 3)"
935,922,DELIVERED,-1,-1,3,-1,"Packet 922 delivered at node 3 (path: 0 -> 1 -> 3)"
936,923,DELIVERED,-1,-1,3,-1,"Packet 923 delivered at node 3 (path: 0 -> 1 -> 3)"
937,924,DELIVERED,-1,-1,3,-1,"Packet 924 delivered at node 3 (path: 0 -> 1 -> 3)"
938,925,DELIVERED,-1,-1,3,-1,"Packet 925 delivered at node 3 (path: 0 -> 1 -> 3)"
939,926,DELIVERED,-1,-1,3,-1,"Packet 926 delivered at node 3 (path: 0 -> 1 -> 3)"
940,927,DELIVERED,-1,-1,3,-1,"Packet 927 delivered at node 3 (path: 0 -> 1 -> 3)"
941,928,DELIVERED,-1,-1,3,-1,"Packet 928 delivered at node 3 (path: 0 -> 1 -> 3)"
942,929,DELIVERED,-1,-1,3,-1,"Packet 929 delivered at node 3 (path: 0 -> 1 -> 3)"
943,930,DELIVERED,-1,-1,3,-1,"Packet 930 delivered at node 3 (path: 0 -> 1 -> 3)"
944,931,DELIVERED,-1,-1,3,-1,"Packet 931 delivered at node 3 (path: 0 -> 1 -> 3)"
945,932,DELIVERED,-1,-1,3,-1,"Packet 932 delivered at node 3 (path: 0 -> 1 -> 3)"
946,933,DELIVERED,-1,-1,3,-1,"Packet 933 delivered at node 3 (path: 0 -> 1 -> 3)"
947,934,DELIVERED,-1,-1,3,-1,"Packet 934 delivered at node 3 (path: 0 -> 1 -> 3)"
948,935,DELIVERED,-1,-1,3,-1,"Packet 935 delivered at node 3 (path: 0 -> 1 -> 3)"
949,936,DELIVERED,-1,-1,3,-1,"Packet 936 delivered at node 3 (path: 0 -> 1 -> 3)"
950,937,DELIVERED,-1,-1,3,-1,"Packet 937 delivered at node 3 (path: 0 -> 1 -> 3)"
951,938,DELIVERED,-1,-1,3,-1,"Packet 938 delivered at node 3 (path: 0 -> 1 -> 3)"
952,939,DELIVERED,-1,-1,3,-1,"Packet 939 delivered at node 3 (path: 0 -> 1 -> 3)"
953,940,DELIVERED,-1,-1,3,-1,"Packet 940 delivered at node 3 (path: 0 -> 1 -> 3)"
954,941,DELIVERED,-1,-1,3,-1,"Packet 941 delivered at node 3 (path: 0 -> 1 -> 3)"
955,942,DELIVERED,-1,-1,3,-1,"Packet 942 delivered at node 3 (path: 0 -> 1 -> 3)"
956,943,DELIVERED,-1,-1,3,-1,"Packet 943 delivered at node 3 (path: 0 -> 1 -> 3)"
957,944,DELIVERED,-1,-1,3,-1,"Packet 944 delivered at node 3 (path: 0 -> 1 -> 3)"
958,945,DELIVERED,-1,-1,3,-1,"Packet 945 delivered at node 3 (path: 0 -> 1 -> 3)"
959,946,DELIVERED,-1,-1,3,-1,"Packet 946 delivered at node 3 (path: 0 -> 1 -> 3)"
960,947,DELIVERED,-1,-1,3,-1,"Packet 947 delivered at node 3 (path: 0 -> 1 -> 3)"
961,948,DELIVERED,-1,-1,3,-1,"Packet 948 delivered at node 3 (path: 0 -> 1 -> 3)"
962,949,DELIVERED,-1,-1,3,-1,"Packet 949 delivered at node 3 (path: 0 -> 1 -> 3)"
963,950,DELIVERED,-1,-1,3,-1,"Packet 950 delivered at node 3 (path: 0 -> 1 -> 3)"
964,951,DELIVERED,-1,-1,3,-1,"Packet 951 delivered at node 3 (path: 0 -> 1 -> 3)"
965,952,DELIVERED,-1,-1,3,-1,"Packet 952 delivered at node 3 (path: 0 -> 1 -> 3)"
966,953,DELIVERED,-1,-1,3,-1,"Packet 953 delivered at node 3 (path: 0 -> 1 -> 3)"
967,954,DELIVERED,-1,-1,3,-1,"Packet 954 delivered at node 3 (path: 0 -> 1 -> 3)"
968,955,DELIVERED,-1,-1,3,-1,"Packet 955 delivered at node 3 (path: 0 -> 1 -> 3)"
969,956,DELIVERED,-1,-1,3,-1,"Packet 956 delivered at node 3 (path: 0 -> 1 -> 3)"
970,957,DELIVERED,-1,-1,3,-1,"Packet 957 delivered at node 3 (path: 0 -> 1 -> 3)"
971,958,DELIVERED,-1,-1,3,-1,"Packet 958 delivered at node 3 (path: 0 -> 1 -> 3)"
972,959,DELIVERED,-1,-1,3,-1,"Packet 959 delivered at node 3 (path: 0 -> 1 -> 3)"
973,960,DELIVERED,-1,-1,3,-1,"Packet 960 delivered at node 3 (path: 0 -> 1 -> 3)"
974,961,DELIVERED,-1,-1,3,-1,"Packet 961 delivered at node 3 (path: 0 -> 1 -> 3)"
975,962,DELIVERED,-1,-1,3,-1,"Packet 962 delivered at node 3 (path: 0 -> 1 -> 3)"
976,963,DELIVERED,-1,-1,3,-1,"Packet 963 delivered at node 3 (path: 0 -> 1 -> 3)"
977,964,DELIVERED,-1,-1,3,-1,"Packet 964 delivered at node 3 (path: 0 -> 1 -> 3)"
978,965,DELIVERED,-1,-1,3,-1,"Packet 965 delivered at node 3 (path: 0 -> 1 -> 3)"
979,966,DELIVERED,-1,-1,3,-1,"Packet 966 delivered at node 3 (path: 0 -> 1 -> 3)"
980,967,DELIVERED,-1,-1,3,-1,"Packet 967 delivered at node 3 (path: 0 -> 1 -> 3)"
981,968,DELIVERED,-1,-1,3,-1,"Packet 968 delivered at node 3 (path: 0 -> 1 -> 3)"
982,969,DELIVERED,-1,-1,3,-1,"Packet 969 delivered at node 3 (path: 0 -> 1 -> 3)"
983,970,DELIVERED,-1,-1,3,-1,"Packet 970 delivered at node 3 (path: 0 -> 1 -> 3)"
984,971,DELIVERED,-1,-1,3,-1,"Packet 971 delivered at node 3 (path: 0 -> 1 -> 3)"
985,972,DELIVERED,-1,-1,3,-1,"Packet 972 delivered at node 3 (path: 0 -> 1 -> 3)"
986,973,DELIVERED,-1,-1,3,-1,"Packet 973 delivered at node 3 (path: 0 -> 1 -> 3)"
987,974,DELIVERED,-1,-1,3,-1,"Packet 974 delivered at node 3 (path: 0 -> 1 -> 3)"
988,975,DELIVERED,-1,-1,3,-1,"Packet 975 delivered at node 3 (path: 0 -> 1 -> 3)"
989,976,DELIVERED,-1,-1,3,-1,"Packet 976 delivered at node 3 (path: 0 -> 1 -> 3)"
990,977,DELIVERED,-1,-1,3,-1,"Packet 977 delivered at node 3 (path: 0 -> 1 -> 3)"
991,978,DELIVERED,-1,-1,3,-1,"Packet 978 delivered at node 3 (path: 0 -> 1 -> 3)"
992,979,DELIVERED,-1,-1,3,-1,"Packet 979 delivered at node 3 (path: 0 -> 1 -> 3)"
993,980,DELIVERED,-1,-1,3,-1,"Packet 980 delivered at node 3 (path: 0 -> 1 -> 3)"
994,981,DELIVERED,-1,-1,3,-1,"Packet 981 delivered at node 3 (path: 0 -> 1 -> 3)"
995,982,DELIVERED,-1,-1,3,-1,"Packet 982 delivered at node 3 (path: 0 -> 1 -> 3)"
996,983,DELIVERED,-1,-1,3,-1,"Packet 983 delivered at node 3 (path: 0 -> 1 -> 3)"
997,984,DELIVERED,-1,-1,3,-1,"Packet 984 delivered at node 3 (path: 0 -> 1 -> 3)"
998,985,DELIVERED,-1,-1,3,-1,"Packet 985 delivered at node 3 (path: 0 -> 1 -> 3)"
999,986,DELIVERED,-1,-1,3,-1,"Packet 986 delivered at node 3 (path: 0 -> 1 -> 3)"
1000,987,DELIVERED,-1,-1,3,-1,"Packet 987 delivered at node 3 (path: 0 -> 1 -> 3)"
1001,988,DELIVERED,-1,-1,3,-1,"Packet 988 delivered at node 3 (path: 0 -> 1 -> 3)"
1002,989,DELIVERED,-1,-1,3,-1,"Packet 989 delivered at node 3 (path: 0 -> 1 -> 3)"
1003,990,DELIVERED,-1,-1,3,-1,"Packet 990 delivered at node 3 (path: 0 -> 1 -> 3)"
1004,991,DELIVERED,-1,-1,3,-1,"Packet 991 delivered at node 3 (path: 0 -> 1 -> 3)"
1005,992,DELIVERED,-1,-1,3,-1,"Packet 992 delivered at node 3 (path: 0 -> 1 -> 3)"
1006,993,DELIVERED,-1,-1,3,-1,"Packet 993 delivered at node 3 (path: 0 -> 1 -> 3)"
1007,994,DELIVERED,-1,-1,3,-1,"Packet 994 delivered at node 3 (path: 0 -> 1 -> 3)"
1008,995,DELIVERED,-1,-1,3,-1,"Packet 995 delivered at node 3 (path: 0 -> 1 -> 3)"
1009,996,DELIVERED,-1,-1,3,-1,"Packet 996 delivered at node 3 (path: 0 -> 1 -> 3)"
1010,997,DELIVERED,-1,-1,3,-1,"Packet 997 delivered at node 3 (path: 0 -> 1 -> 3)"
1011,998,DELIVERED,-1,-1,3,-1,"Packet 998 delivered at node 3 (path: 0 -> 1 -> 3)"
1012,999,DELIVERED,-1,-1,3,-1,"Packet 999 delivered at node 3 (path: 0 -> 1 -> 3)"
1013,1000,DELIVERED,-1,-1,3,-1,"Packet 1000 delivered at node 3 (path: 0 -> 1 -> 3)"
1014,1001,DELIVERED,-1,-1,3,-1,"Packet 1001 delivered at node 3 (path: 0 -> 1 -> 3)"
1015,1002,DELIVERED,-1,-1,3,-1,"Packet 1002 delivered at node 3 (path: 0 -> 1 -> 3)"
1016,1003,DELIVERED,-1,-1,3,-1,"Packet 1003 delivered at node 3 (path: 0 -> 1 -> 3)"
1017,1004,DELIVERED,-1,-1,3,-1,"Packet 1004 delivered at node 3 (path: 0 -> 1 -> 3)"
1018,1005,DELIVERED,-1,-1,3,-1,"Packet 1005 delivered at node 3 (path: 0 -> 1 -> 3)"
1019,1006,DELIVERED,-1,-1,3,-1,"Packet 1006 delivered at node 3 (path: 0 -> 1 -> 3)"
1020,1007,DELIVERED,-1,-1,3,-1,"Packet 1007 delivered at node 3 (path: 0 -> 1 -> 3)"
1021,1008,DELIVERED,-1,-1,3,-1,"Packet 1008 delivered at node 3 (path: 0 -> 1 -> 3)"
1022,1009,DELIVERED,-1,-1,3,-1,"Packet 1009 delivered at node 3 (path: 0 -> 1 -> 3)"
1023,1010,DELIVERED,-1,-1,3,-1,"Packet 1010 delivered at node 3 (path: 0 -> 1 -> 3)"
1024,1011,DELIVERED,-1,-1,3,-1,"Packet 1011 delivered at node 3 (path: 0 -> 1 -> 3)"
1025,1012,DELIVERED,-1,-1,3,-1,"Packet 1012 delivered at node 3 (path: 0 -> 1 -> 3)"
1026,1013,DELIVERED,-1,-1,3,-1,"Packet 1013 delivered at node 3 (path: 0 -> 1 -> 3)"
1027,1014,DELIVERED,-1,-1,3,-1,"Packet 1014 delivered at node 3 (path: 0 -> 1 -> 3)"
1028,1015,DELIVERED,-1,-1,3,-1,"Packet 1015 delivered at node 3 (path: 0 -> 1 -> 3)"
1029,1016,DELIVERED,-1,-1,3,-1,"Packet 1016 delivered at node 3 (path: 0 -> 1 -> 3)"
1030,1017,DELIVERED,-1,-1,3,-1,"Packet 1017 delivered at node 3 (path: 0 -> 1 -> 3)"
1031,1018,DELIVERED,-1,-1,3,-1,"Packet 1018 delivered at node 3 (path: 0 -> 1 -> 3)"
1032,1019,DELIVERED,-1,-1,3,-1,"Packet 1019 delivered at node 3 (path: 0 -> 1 -> 3)"
1033,1020,DELIVERED,-1,-1,3,-1,"Packet 1020 delivered at node 3 (path: 0 -> 1 -> 3)"
1034,1021,DELIVERED,-1,-1,3,-1,"Packet 1021 delivered at node 3 (path: 0 -> 1 -> 3)"
1035,1022,DELIVERED,-1,-1,3,-1,"Packet 1022 delivered at node 3 (path: 0 -> 1 -> 3)"
1036,1023,DELIVERED,-1,-1,3,-1,"Packet 1023 delivered at node 3 (path: 0 -> 1 -> 3)"
